id,record_id,Chagas probability
270694,270694,0.9039449
3196093,3196093,0.8876731
2671975,2671975,0.9058202
633138,633138,0.89812905
1297429,1297429,0.8946607
1117793,1117793,0.8967812
1661069,1661069,0.87383175
536084,536084,0.90067464
678224,678224,0.896325
963013,963013,0.8943258
3624895,3624895,0.8929
1131681,1131681,0.8817363
1251534,1251534,0.897641
2907228,2907228,0.89989156
4411565,4411565,0.9039765
448169,448169,0.88726395
1210015,1210015,0.8926841
3064422,3064422,0.88838655
852193,852193,0.89625645
86404,86404,0.902589
3116638,3116638,0.9179372
1434707,1434707,0.8943892
3103745,3103745,0.8963963
1236091,1236091,0.898356
1141940,1141940,0.89738715
3195656,3195656,0.90435815
3162755,3162755,0.8926026
447834,447834,0.89191353
1551771,1551771,0.88530105
3148336,3148336,0.8937913
894464,894464,0.89297444
1520287,1520287,0.8732106
412226,412226,0.90143055
809833,809833,0.890204
2927619,2927619,0.892057
318289,318289,0.89271384
3107617,3107617,0.89524657
1013614,1013614,0.8939469
598047,598047,0.89159805
777273,777273,0.90475607
1308421,1308421,0.90361804
406105,406105,0.77568793
632369,632369,0.92238235
1376130,1376130,0.90140504
2838975,2838975,0.89359224
1546256,1546256,0.90618813
325609,325609,0.9012802
3185122,3185122,0.8896918
114162,114162,0.88569033
414910,414910,0.8936431
586633,586633,0.8993446
2848487,2848487,0.89705837
966727,966727,0.8917614
1036250,1036250,0.9047847
1079158,1079158,0.8796419
1087812,1087812,0.90413815
3069042,3069042,0.8993633
1272718,1272718,0.86414266
4399180,4399180,0.89747334
2762573,2762573,0.89786285
1674536,1674536,0.8924957
3788529,3788529,0.9011658
58814,58814,0.9213503
475078,475078,0.9049606
2727985,2727985,0.8961293
1367000,1367000,0.8532691
2729491,2729491,0.90054864
381091,381091,0.8958354
370155,370155,0.88341373
1310217,1310217,0.91201854
3791268,3791268,0.89930487
1207283,1207283,0.8925462
675055,675055,0.89567596
2537078,2537078,0.8985192
1346172,1346172,0.9222709
1318421,1318421,0.90654135
215203,215203,0.8970497
441603,441603,0.8965386
1241805,1241805,0.9008647
1129861,1129861,0.20854686
270090,270090,0.9534847
3408434,3408434,0.8984436
4260865,4260865,0.9013851
1011245,1011245,0.89890563
541318,541318,0.89440703
3059727,3059727,0.89192235
2767215,2767215,0.8936349
718355,718355,0.92744005
1574845,1574845,0.9090382
1436182,1436182,0.9042315
767559,767559,0.9071816
1207013,1207013,0.8713796
155792,155792,0.90113753
841588,841588,0.89908856
4405971,4405971,0.8938036
1249605,1249605,0.90706885
159608,159608,0.8840566
502027,502027,0.89793456
2870180,2870180,0.8961437
3198055,3198055,0.9040581
325101,325101,0.9000948
1046988,1046988,0.1406273
327079,327079,0.90486246
1240839,1240839,0.8948132
1329933,1329933,0.90002275
1396984,1396984,0.88981855
561884,561884,0.9019912
156126,156126,0.9079082
3134971,3134971,0.8948163
516769,516769,0.9012995
1006508,1006508,0.8938962
1254230,1254230,0.87703055
3398626,3398626,0.8948242
239887,239887,0.9107278
604948,604948,0.89884853
691103,691103,0.88856274
35285,35285,0.90099853
197562,197562,0.8943917
943041,943041,0.897959
442088,442088,0.8935493
152125,152125,0.900393
177544,177544,0.8954615
2658864,2658864,0.9014902
802540,802540,0.9100506
277284,277284,0.9032089
1587936,1587936,0.9011427
963886,963886,0.90749186
607256,607256,0.90231687
334401,334401,0.89820755
721854,721854,0.93872386
4257526,4257526,0.89758915
988514,988514,0.9077415
1027325,1027325,0.9010043
107546,107546,0.9087964
1428795,1428795,0.8932786
2834252,2834252,0.88662076
2883684,2883684,0.8923887
869587,869587,0.8864989
818209,818209,0.90123296
1608198,1608198,0.8940394
2682719,2682719,0.90917915
3409882,3409882,0.90009797
2659841,2659841,0.9021127
24650,24650,0.8967727
4414231,4414231,0.8905779
1336136,1336136,0.90485084
2765005,2765005,0.9037701
2870050,2870050,0.89167386
1155809,1155809,0.89025456
886605,886605,0.90289193
423702,423702,0.90038896
187181,187181,0.90481865
2657439,2657439,0.9039158
1577705,1577705,0.048367728
3141526,3141526,0.89761627
1547235,1547235,0.8922767
2743901,2743901,0.8822733
140951,140951,0.8958527
2840949,2840949,0.902621
2935729,2935729,0.8977614
1535696,1535696,0.9051162
1223248,1223248,0.8981844
1611071,1611071,0.89167565
873051,873051,0.8718865
1133893,1133893,0.88148934
1011032,1011032,0.88168615
3110187,3110187,0.8928907
1633608,1633608,0.8959739
1003423,1003423,0.042635024
1348715,1348715,0.90385437
1312297,1312297,0.19830061
856234,856234,0.9185057
222390,222390,0.89412314
1602523,1602523,0.8969
3062984,3062984,0.89291024
98792,98792,0.904341
2829728,2829728,0.9163543
2657543,2657543,0.9030117
987919,987919,0.89395934
1143639,1143639,0.9004233
1295397,1295397,0.90177095
864178,864178,0.89044195
4238701,4238701,0.8976581
3184164,3184164,0.9022504
2867608,2867608,0.8862291
753657,753657,0.89215964
833876,833876,0.92294306
3047060,3047060,0.5396694
3005935,3005935,0.82462394
1009388,1009388,0.88948023
4252050,4252050,0.88773674
159982,159982,0.8864416
693365,693365,0.90353113
589977,589977,0.89051646
1159110,1159110,0.90390646
1247730,1247730,0.90416825
987162,987162,0.9005792
1258530,1258530,0.8924246
2924601,2924601,0.90700257
1134837,1134837,0.87102395
333381,333381,0.9009548
2737383,2737383,0.8973524
1200579,1200579,0.9037244
1057531,1057531,0.8934921
860955,860955,0.8943022
1418929,1418929,0.88627577
1135160,1135160,0.86307025
2858493,2858493,0.8788492
3340,3340,0.89477044
1413984,1413984,0.89557743
1596236,1596236,0.90115124
544081,544081,0.8955063
2515900,2515900,0.8847349
1676580,1676580,0.9125339
3184972,3184972,0.69831777
567894,567894,0.8870511
4274402,4274402,0.900072
308228,308228,0.8802347
2860460,2860460,0.8496963
1056562,1056562,0.89444274
1048755,1048755,0.9009292
386355,386355,0.92793256
2906420,2906420,0.9036365
85995,85995,0.90917087
2764467,2764467,0.9008207
324501,324501,0.9024413
630714,630714,0.8951006
3092817,3092817,0.8913427
326129,326129,0.89348924
372787,372787,0.8902885
196276,196276,0.88549215
1502143,1502143,0.9053952
662351,662351,0.7017872
3110475,3110475,0.9029855
2893509,2893509,0.8957174
2800326,2800326,0.8982739
1345380,1345380,0.90048707
2742194,2742194,0.9018683
1350793,1350793,0.9039186
1403390,1403390,0.37119845
4197828,4197828,0.9061579
801175,801175,0.8914502
1528989,1528989,0.904692
188494,188494,0.88747704
3181145,3181145,0.40896994
894397,894397,0.89358276
1507241,1507241,0.9001898
1110718,1110718,0.9018707
245990,245990,0.8897692
84409,84409,0.9151182
1296459,1296459,0.89483106
4260308,4260308,0.8941051
2734753,2734753,0.8996642
2907097,2907097,0.89352125
1507562,1507562,0.8995895
2971519,2971519,0.90370625
1441340,1441340,0.89408153
26969,26969,0.9593749
1441663,1441663,0.90562296
517788,517788,0.9058954
3053781,3053781,0.8914949
331832,331832,0.8950935
989213,989213,0.89442635
4208321,4208321,0.60314447
1176161,1176161,0.895408
2771530,2771530,0.897453
1040210,1040210,0.080065
2940932,2940932,0.9012833
1436176,1436176,0.9071693
309745,309745,0.8941388
3630769,3630769,0.9032129
663435,663435,0.9025107
1485674,1485674,0.902832
1659921,1659921,0.9017675
2676474,2676474,0.8778709
4267904,4267904,0.9233814
2990100,2990100,0.8969844
1641703,1641703,0.90029234
385595,385595,0.8992886
1377492,1377492,0.9042306
832476,832476,0.90324664
104220,104220,0.9057309
1642347,1642347,0.90340793
1321292,1321292,0.8897595
1241787,1241787,0.8112815
805436,805436,0.88210905
1415934,1415934,0.8963843
1583513,1583513,0.9037077
2856857,2856857,0.8866246
814319,814319,0.8938463
1149689,1149689,0.90351194
2846160,2846160,0.8952697
506995,506995,0.90231997
3622024,3622024,0.904599
1396327,1396327,0.89331865
1029490,1029490,0.90048647
4263257,4263257,0.90079874
277847,277847,0.8999986
3165286,3165286,0.8935799
918204,918204,0.89839953
3791231,3791231,0.89790124
783426,783426,0.89472854
3101162,3101162,0.90057313
753095,753095,0.8937537
481617,481617,0.8950968
622468,622468,0.9024687
349763,349763,0.9049405
2970891,2970891,0.8976827
10069,10069,0.89151275
1357736,1357736,0.90272886
4267326,4267326,0.89257336
3162551,3162551,0.8975498
224104,224104,0.9020044
1118810,1118810,0.89430463
544844,544844,0.90034324
129796,129796,0.89878863
3130508,3130508,0.8869959
659898,659898,0.8980884
207497,207497,0.90135443
4199216,4199216,0.9025012
1139608,1139608,0.89893705
337404,337404,0.8932227
2522127,2522127,0.04651497
548361,548361,0.8947789
1590189,1590189,0.8885007
1672471,1672471,0.90009636
1317672,1317672,0.89762324
483197,483197,0.9150556
150122,150122,0.88045645
3061698,3061698,0.89336026
143250,143250,0.89023226
918173,918173,0.879965
4237941,4237941,0.8745681
1405999,1405999,0.89741814
4400473,4400473,0.85710126
1011064,1011064,0.9050617
199316,199316,0.89075303
566074,566074,0.071661174
1188595,1188595,0.9044471
747670,747670,0.89943266
2876345,2876345,0.8997225
28367,28367,0.8960578
1373230,1373230,0.89264643
1629155,1629155,0.90572095
811955,811955,0.8932461
2884147,2884147,0.90300494
836021,836021,0.89987725
3208811,3208811,0.9073131
961311,961311,0.9015066
2516633,2516633,0.9013942
2678006,2678006,0.8886354
4248601,4248601,0.89135766
3170092,3170092,0.8888259
582065,582065,0.90661496
1192455,1192455,0.90526253
543360,543360,0.89126986
344827,344827,0.91770107
396661,396661,0.9359176
438774,438774,0.90061325
552175,552175,0.5339656
2865244,2865244,0.8997178
226105,226105,0.8889356
1365068,1365068,0.9095866
3102603,3102603,0.52240634
1076170,1076170,0.89726543
1622215,1622215,0.8935614
3136603,3136603,0.89761627
1111108,1111108,0.891216
1451328,1451328,0.9002237
3072769,3072769,0.9018716
1096926,1096926,0.89880395
667576,667576,0.8957034
70831,70831,0.8853102
126734,126734,0.90288025
3176822,3176822,0.89326
146510,146510,0.8997488
4410562,4410562,0.9045238
1322528,1322528,0.90073043
1106821,1106821,0.90436137
337511,337511,0.9009666
1645838,1645838,0.8947182
3091399,3091399,0.8963523
3123478,3123478,0.8955518
1332584,1332584,0.89968103
1232758,1232758,0.8970546
4391808,4391808,0.8986259
534838,534838,0.8876904
570138,570138,0.8934793
651099,651099,0.89191294
81905,81905,0.9019682
3185558,3185558,0.9042892
684149,684149,0.89625823
1328366,1328366,0.8981226
1575909,1575909,0.8927231
1217119,1217119,0.9050958
349665,349665,0.77577955
988265,988265,0.9069666
409795,409795,0.8670401
1115047,1115047,0.45728645
242390,242390,0.8874349
142146,142146,0.9020509
1368399,1368399,0.8964885
854330,854330,0.9042522
1549879,1549879,0.79375535
696675,696675,0.89143854
3201886,3201886,0.9018101
839078,839078,0.1024462
1155791,1155791,0.9033845
237674,237674,0.88855207
218716,218716,0.9181179
377626,377626,0.89385074
1210593,1210593,0.8911447
649210,649210,0.8927437
797814,797814,0.8951282
2848592,2848592,0.8955747
921429,921429,0.88626546
121730,121730,0.8941404
976402,976402,0.88727176
1091449,1091449,0.8934375
1485429,1485429,0.8947547
4218754,4218754,0.89490247
4242235,4242235,0.8966151
366532,366532,0.8930096
345961,345961,0.9055568
3058657,3058657,0.9055954
1356855,1356855,0.9037409
228524,228524,0.8951729
252714,252714,0.9067782
1603574,1603574,0.88969135
4203439,4203439,0.9009209
3400472,3400472,0.91307867
289112,289112,0.8530462
416461,416461,0.90239906
3406733,3406733,0.88941014
1599687,1599687,0.8760414
1305335,1305335,0.894967
1352306,1352306,0.9016277
582186,582186,0.8910449
1461960,1461960,0.8528718
1595003,1595003,0.8840517
135753,135753,0.89287794
1040241,1040241,0.90012586
157549,157549,0.90254414
408928,408928,0.89231074
3086472,3086472,0.90541947
382907,382907,0.869829
681991,681991,0.90261203
639140,639140,0.8950816
2864655,2864655,0.8990932
3130885,3130885,0.8978404
2514732,2514732,0.89249855
1243415,1243415,0.89995766
1390794,1390794,0.34462875
2957574,2957574,0.89197516
1431400,1431400,0.8884406
2540394,2540394,0.8915979
1524610,1524610,0.8895437
853874,853874,0.6074158
297357,297357,0.89425164
896924,896924,0.90178484
939029,939029,0.8904718
2833932,2833932,0.9030177
1313681,1313681,0.9118955
3630374,3630374,0.8997203
170338,170338,0.79232323
3050592,3050592,0.89261687
529426,529426,0.8942984
2937077,2937077,0.90814215
1499382,1499382,0.90823436
2872817,2872817,0.9054604
1285529,1285529,0.8911875
1332669,1332669,0.90273654
1583976,1583976,0.9023292
833633,833633,0.90689075
2904299,2904299,0.90015644
3136255,3136255,0.9034742
111826,111826,0.89131457
1564704,1564704,0.9051856
3063022,3063022,0.9026762
1555552,1555552,0.8960862
2515921,2515921,0.8859128
495358,495358,0.90788287
1521804,1521804,0.89522165
757172,757172,0.89724725
1462732,1462732,0.9018641
18196,18196,0.92555004
787150,787150,0.9013765
1104204,1104204,0.9060242
1581638,1581638,0.9014248
136041,136041,0.047103543
776451,776451,0.898156
1388583,1388583,0.896008
1543202,1543202,0.8444786
69745,69745,0.8818812
1462426,1462426,0.9043643
1243352,1243352,0.8868356
316124,316124,0.88635796
4405985,4405985,0.89653367
2827604,2827604,0.88516474
902894,902894,0.90167123
1202586,1202586,0.9014813
931088,931088,0.9060406
1498828,1498828,0.90426373
1530337,1530337,0.89480263
1448989,1448989,0.04824147
2784765,2784765,0.9024426
857597,857597,0.90483123
992880,992880,0.9087165
2905283,2905283,0.8934673
1044323,1044323,0.90197855
3192846,3192846,0.9005965
1261321,1261321,0.9108053
1450036,1450036,0.8822287
1254842,1254842,0.90286577
144239,144239,0.8912625
385518,385518,0.9022857
4257096,4257096,0.88559115
894455,894455,0.8861164
703748,703748,0.90580153
1451061,1451061,0.899998
126259,126259,0.88917756
3195263,3195263,0.78788716
206148,206148,0.9047634
1290313,1290313,0.9026297
1440500,1440500,0.88521594
2679729,2679729,0.8943148
1265126,1265126,0.89306396
770673,770673,0.8832725
883667,883667,0.9039341
2818557,2818557,0.8997496
623066,623066,0.9097271
2504118,2504118,0.90354687
2534690,2534690,0.90904015
106391,106391,0.9064348
1425564,1425564,0.8975201
1636919,1636919,0.903627
530837,530837,0.8978648
3182907,3182907,0.8967401
742159,742159,0.90349764
1353414,1353414,0.93038833
2671980,2671980,0.90603924
1085567,1085567,0.9025029
528153,528153,0.90653527
1404305,1404305,0.89481246
563286,563286,0.8931978
445054,445054,0.8997649
1210147,1210147,0.893878
1223266,1223266,0.90664905
2734900,2734900,0.90860504
593694,593694,0.8953331
301380,301380,0.8968858
1616182,1616182,0.87456036
1241963,1241963,0.9023192
507568,507568,0.42876974
3621948,3621948,0.88564706
2842099,2842099,0.89783657
2736050,2736050,0.8996007
240756,240756,0.89219147
551983,551983,0.9029261
902249,902249,0.89058775
235762,235762,0.90103966
3083105,3083105,0.9051215
1154477,1154477,0.8902456
643763,643763,0.8961698
1462269,1462269,0.940468
840341,840341,0.8966222
960934,960934,0.8950164
1209468,1209468,0.90140855
1242916,1242916,0.8982131
1355242,1355242,0.90180635
145307,145307,0.90555334
921038,921038,0.9016175
1577624,1577624,0.8948896
907678,907678,0.89862734
112860,112860,0.90248746
14998,14998,0.8934522
160598,160598,0.90041953
1350388,1350388,0.8970042
1627330,1627330,0.9050691
778540,778540,0.90094596
1616808,1616808,0.8936011
2959965,2959965,0.8956551
1118541,1118541,0.9034999
2667593,2667593,0.91948766
227464,227464,0.892938
1534426,1534426,0.8994441
458791,458791,0.8997083
2883911,2883911,0.9030794
3622585,3622585,0.8958614
1356824,1356824,0.8965848
1445815,1445815,0.89475405
1424162,1424162,0.9555331
192238,192238,0.9009919
4395923,4395923,0.8770939
257696,257696,0.9052159
942346,942346,0.9033913
473926,473926,0.89500386
1556988,1556988,0.9049014
105902,105902,0.896638
812347,812347,0.85802144
449067,449067,0.8868442
993611,993611,0.9028545
848064,848064,0.8885743
447893,447893,0.8935857
1528625,1528625,0.8963253
1362698,1362698,0.8942523
183741,183741,0.9088721
2731994,2731994,0.08517663
240062,240062,0.9020596
528993,528993,0.90249866
977233,977233,0.6936458
529216,529216,0.9042252
384186,384186,0.89723796
315303,315303,0.87936646
1492291,1492291,0.90023303
1095558,1095558,0.9237763
392680,392680,0.9167208
4208269,4208269,0.8917178
896259,896259,0.894386
3165047,3165047,0.8904895
3005132,3005132,0.89944065
993964,993964,0.9023705
557175,557175,0.8937664
1414380,1414380,0.8943423
1441963,1441963,0.89205474
415918,415918,0.9340228
846775,846775,0.90314186
250684,250684,0.90294266
287209,287209,0.8759093
579808,579808,0.9008112
1564791,1564791,0.88448215
2740955,2740955,0.89621294
1526811,1526811,0.89330745
4214794,4214794,0.8995812
3123319,3123319,0.8911472
543957,543957,0.89088064
3136631,3136631,0.8836712
2827256,2827256,0.9031941
1590610,1590610,0.8987059
833321,833321,0.89301395
1305660,1305660,0.898286
84261,84261,0.89961755
3413366,3413366,0.8985975
616080,616080,0.8947361
2990950,2990950,0.8965712
1284409,1284409,0.90149677
828092,828092,0.9033014
1244537,1244537,0.90532243
1049923,1049923,0.9021659
3047403,3047403,0.90376145
3394517,3394517,0.89526117
600318,600318,0.8590345
1199413,1199413,0.9029376
1487015,1487015,0.87860376
2995014,2995014,0.8980553
1393970,1393970,0.8864433
2677124,2677124,0.9128378
1549664,1549664,0.91176134
892625,892625,0.884253
1302876,1302876,0.9034237
496255,496255,0.9019168
2914603,2914603,0.9000411
963907,963907,0.43108463
3413040,3413040,0.89876646
1092215,1092215,0.90608704
377198,377198,0.9028167
1447785,1447785,0.90042466
3191128,3191128,0.89778966
1113600,1113600,0.90074533
1561936,1561936,0.9027896
977088,977088,0.90085495
1172278,1172278,0.9066456
647518,647518,0.90232784
589867,589867,0.89784145
1039291,1039291,0.91717577
260333,260333,0.9002541
920229,920229,0.8896078
1647457,1647457,0.89409685
4219173,4219173,0.9002038
942581,942581,0.8874065
4399550,4399550,0.8816459
3072384,3072384,0.87880635
122088,122088,0.8937221
227323,227323,0.89862984
1438228,1438228,0.91542864
1234836,1234836,0.8934179
1042978,1042978,0.8946555
375407,375407,0.8957193
902586,902586,0.89352876
3184803,3184803,0.89883685
2850064,2850064,0.90327096
934247,934247,0.90111285
2664452,2664452,0.9049839
187658,187658,0.9043053
980050,980050,0.89421207
467870,467870,0.90142965
58000,58000,0.8948092
350643,350643,0.9027585
1308818,1308818,0.90193355
1665639,1665639,0.90575606
520072,520072,0.9066262
920826,920826,0.9000886
1309408,1309408,0.9809919
713141,713141,0.8875629
1219052,1219052,0.8994967
1455328,1455328,0.894942
469647,469647,0.89754736
326764,326764,0.9032372
1348762,1348762,0.8996283
1587772,1587772,0.90413576
4242302,4242302,0.884232
1538693,1538693,0.88895696
1292814,1292814,0.89470714
1317091,1317091,0.9131863
91864,91864,0.9054684
1576979,1576979,0.8907116
2793718,2793718,0.862603
1342534,1342534,0.887201
102188,102188,0.8965096
1132866,1132866,0.8860539
406233,406233,0.8967308
839985,839985,0.89931077
4256599,4256599,0.90414107
3089696,3089696,0.90324026
394622,394622,0.8916286
308895,308895,0.8846656
3801089,3801089,0.89568865
2859791,2859791,0.90488267
417733,417733,0.8952688
360006,360006,0.89517045
1576660,1576660,0.83342373
733607,733607,0.9062863
434350,434350,0.9024319
104296,104296,0.899428
2834134,2834134,0.90352434
3198571,3198571,0.8966031
926981,926981,0.9001741
484060,484060,0.8890697
537271,537271,0.87842
1035044,1035044,0.89684314
1206042,1206042,0.8932122
706995,706995,0.9055234
1179781,1179781,0.9030804
811697,811697,0.8892672
1258638,1258638,0.8978936
3081664,3081664,0.89947
107315,107315,0.8995418
2996504,2996504,0.9015677
1465972,1465972,0.8920238
1497469,1497469,0.90320015
2842611,2842611,0.9021386
2795152,2795152,0.896238
1015061,1015061,0.89377886
237537,237537,0.8884223
1411998,1411998,0.89659494
3198329,3198329,0.0660921
1662728,1662728,0.8920386
2955948,2955948,0.889464
2686431,2686431,0.8981086
463743,463743,0.8960346
1343669,1343669,0.8837706
799879,799879,0.8538825
3192082,3192082,0.88664025
698963,698963,0.38565058
983113,983113,0.89900315
948324,948324,0.9027296
178947,178947,0.8961109
990560,990560,0.9048545
289833,289833,0.9033262
26730,26730,0.9073208
659081,659081,0.8933561
3207676,3207676,0.8885059
2674773,2674773,0.9136629
318113,318113,0.90207547
1572003,1572003,0.73082435
1563512,1563512,0.9039188
1083333,1083333,0.8936981
1070710,1070710,0.904495
400060,400060,0.88599193
3008351,3008351,0.8951732
537254,537254,0.9102905
1282797,1282797,0.9025434
1162871,1162871,0.8728434
1280681,1280681,0.9004107
360604,360604,0.89818317
1323841,1323841,0.9217851
873045,873045,0.8940181
1197872,1197872,0.89241534
1372471,1372471,0.25361967
1571215,1571215,0.90291923
366438,366438,0.89668757
808859,808859,0.91666234
3145128,3145128,0.89692664
4246112,4246112,0.89979357
866260,866260,0.9035151
96510,96510,0.8949908
1077164,1077164,0.8954379
435024,435024,0.89141697
2989353,2989353,0.8952692
1363940,1363940,0.90160733
4393577,4393577,0.8911323
284100,284100,0.8956627
232227,232227,0.8956855
668811,668811,0.9071741
300656,300656,0.87018347
4218079,4218079,0.8901903
3799769,3799769,0.03515838
114760,114760,0.90020835
2941174,2941174,0.9002648
398181,398181,0.88922536
1266629,1266629,0.8783053
1072824,1072824,0.88196295
1373181,1373181,0.89618033
2898427,2898427,0.8817346
1385442,1385442,0.8916191
4265522,4265522,0.89010936
23406,23406,0.8957122
629221,629221,0.931341
1042413,1042413,0.8964225
1497058,1497058,0.88923717
544319,544319,0.88913167
1554684,1554684,0.8991255
3615089,3615089,0.89678043
422840,422840,0.8879058
861957,861957,0.90587246
1567305,1567305,0.90309817
686001,686001,0.902653
1497986,1497986,0.8977415
368167,368167,0.9015176
1303060,1303060,0.89137065
173955,173955,0.056055076
1353223,1353223,0.894564
599331,599331,0.8926596
3043394,3043394,0.21709812
861672,861672,0.8967353
2791899,2791899,0.86613226
4396208,4396208,0.89811945
4394167,4394167,0.8864609
3118987,3118987,0.88938826
1153798,1153798,0.90137863
2667364,2667364,0.9093185
1459216,1459216,0.868399
750445,750445,0.9084446
973307,973307,0.9055396
1459261,1459261,0.94367117
2978369,2978369,0.892137
1431127,1431127,0.90465707
4413036,4413036,0.888374
161958,161958,0.9094196
1182183,1182183,0.9140192
1488437,1488437,0.8923801
166967,166967,0.90148884
2662415,2662415,0.8975107
1121042,1121042,0.90598994
977531,977531,0.89188147
427218,427218,0.8895311
667521,667521,0.89379036
810076,810076,0.905825
1134620,1134620,0.89286846
2768684,2768684,0.9099966
1543910,1543910,0.8905033
1504974,1504974,0.8944926
2956849,2956849,0.89514405
3411816,3411816,0.90618306
3792936,3792936,0.8925424
921216,921216,0.89926517
126062,126062,0.9009274
732605,732605,0.86966145
3129639,3129639,0.88324195
3054574,3054574,0.88720524
1200900,1200900,0.894031
530740,530740,0.8923484
1474378,1474378,0.910063
867569,867569,0.89461917
2801065,2801065,0.904146
388620,388620,0.9048329
127457,127457,0.8859574
557045,557045,0.9095093
338503,338503,0.9021577
1587002,1587002,0.9026957
1296255,1296255,0.90151066
2784842,2784842,0.89467865
2939663,2939663,0.8999005
1018187,1018187,0.8976538
1290276,1290276,0.9036635
1631763,1631763,0.8907469
436074,436074,0.8985184
1141448,1141448,0.9003162
323899,323899,0.8861324
1390288,1390288,0.89280856
1559648,1559648,0.90420735
4387340,4387340,0.88909125
1598652,1598652,0.88984984
1272869,1272869,0.89059764
366061,366061,0.8933549
698072,698072,0.4938398
865823,865823,0.8933823
3783534,3783534,0.8817855
2968405,2968405,0.8976375
1281043,1281043,0.902112
4275378,4275378,0.89116675
259543,259543,0.8916917
809304,809304,0.8860953
551546,551546,0.88817024
2539636,2539636,0.891306
72018,72018,0.8705059
270095,270095,0.895174
184683,184683,0.9046482
382062,382062,0.90209454
306340,306340,0.8976818
1504212,1504212,0.8890887
4236154,4236154,0.8907346
982679,982679,0.87448496
330743,330743,0.9086201
69288,69288,0.8932128
1068822,1068822,0.89157367
1363758,1363758,0.89166653
1664872,1664872,0.8934303
1287713,1287713,0.8895094
478031,478031,0.8983593
625434,625434,0.890961
2530639,2530639,0.9055185
329464,329464,0.89464915
1384441,1384441,0.8837124
103969,103969,0.89079875
1028271,1028271,0.8882145
4401936,4401936,0.9013118
346480,346480,0.91153383
289072,289072,0.89072883
3218610,3218610,0.8726184
1657358,1657358,0.8839979
1347979,1347979,0.90501785
474125,474125,0.9045184
2925147,2925147,0.8857735
436205,436205,0.89844024
2675986,2675986,0.9042832
4251796,4251796,0.9012509
1168782,1168782,0.87763333
368976,368976,0.9018462
1328821,1328821,0.89818454
1138527,1138527,0.9147036
4271858,4271858,0.9000117
35755,35755,0.8970099
2902948,2902948,0.8989489
542219,542219,0.886454
1522871,1522871,0.8645785
183100,183100,0.8934535
228573,228573,0.90566874
1104277,1104277,0.89263046
1638572,1638572,0.8837086
2955319,2955319,0.9053889
1395975,1395975,0.9218356
2534710,2534710,0.90715253
255901,255901,0.904056
51183,51183,0.9078538
462994,462994,0.90107346
28549,28549,0.90123373
1053426,1053426,0.8895965
285386,285386,0.8725746
3093838,3093838,0.90377986
643834,643834,0.8851412
2979091,2979091,0.91532254
1624387,1624387,0.89507383
1067198,1067198,0.9015903
391986,391986,0.9015879
1271798,1271798,0.89509887
336561,336561,0.87872577
590343,590343,0.9046911
558129,558129,0.8990351
556462,556462,0.9010719
1200645,1200645,0.90092885
358404,358404,0.89480144
417891,417891,0.8935084
1019079,1019079,0.81302404
4415889,4415889,0.8923764
1060057,1060057,0.89970547
1107125,1107125,0.8947411
1496404,1496404,0.8898013
727318,727318,0.9016604
2893543,2893543,0.8696611
873763,873763,0.83601415
2775097,2775097,0.8913009
1321372,1321372,0.89029163
767283,767283,0.87958497
2750620,2750620,0.8918035
2866814,2866814,0.9066987
99802,99802,0.5113209
2964493,2964493,0.90255386
386424,386424,0.9043717
382519,382519,0.14843726
1488355,1488355,0.90146863
18953,18953,0.9073592
2537212,2537212,0.9147649
1529187,1529187,0.900702
300834,300834,0.8983272
1183614,1183614,0.91751283
1655762,1655762,0.9083678
4274522,4274522,0.9007941
1286556,1286556,0.8825746
4415298,4415298,0.9087778
2887587,2887587,0.8982145
4276360,4276360,0.8969017
1037483,1037483,0.897652
864530,864530,0.89988506
1169884,1169884,0.896592
2504371,2504371,0.8982842
896842,896842,0.9052211
559118,559118,0.89164084
762575,762575,0.8815891
505856,505856,0.8963332
1026362,1026362,0.8934276
49201,49201,0.877311
3181807,3181807,0.9003756
1294274,1294274,0.9033732
116104,116104,0.04579943
653881,653881,0.92045105
3799193,3799193,0.90014076
2852702,2852702,0.89812124
2676379,2676379,0.8955114
2918816,2918816,0.8950448
753300,753300,0.8690901
1263675,1263675,0.8962735
1616646,1616646,0.92153555
2790938,2790938,0.2917626
4409301,4409301,0.890145
1580924,1580924,0.8892581
438826,438826,0.90039796
2889928,2889928,0.89340925
1294535,1294535,0.89723665
928719,928719,0.89904225
230565,230565,0.9010457
1259715,1259715,0.87584037
4195361,4195361,0.9010979
358315,358315,0.8913535
1584548,1584548,0.90986806
1665326,1665326,0.89316905
3213199,3213199,0.90007573
3617060,3617060,0.8972729
2859077,2859077,0.8936566
2992402,2992402,0.9006611
278367,278367,0.88971674
3080945,3080945,0.88502926
183967,183967,0.8422913
474550,474550,0.90561074
3129630,3129630,0.90135807
1278662,1278662,0.8963643
3219157,3219157,0.8954203
88064,88064,0.8979855
184826,184826,0.86647445
2971001,2971001,0.89590305
504568,504568,0.8844785
3229261,3229261,0.044028245
278561,278561,0.8933624
1125245,1125245,0.87699014
1579509,1579509,0.9060874
341702,341702,0.90137357
779408,779408,0.9012169
3221793,3221793,0.8981555
2978165,2978165,0.8949853
780030,780030,0.89267576
2531992,2531992,0.90568376
929053,929053,0.89621603
23084,23084,0.91317993
1075946,1075946,0.906532
434461,434461,0.90002745
3217707,3217707,0.89811724
1049604,1049604,0.89379495
424513,424513,0.9050509
1345938,1345938,0.87659395
4239646,4239646,0.90437394
170762,170762,0.8878354
170383,170383,0.89021605
1067978,1067978,0.9050255
1140766,1140766,0.8995238
1568692,1568692,0.89269114
688098,688098,0.90091676
1196887,1196887,0.9007416
1435035,1435035,0.9035039
2736878,2736878,0.8934432
3019629,3019629,0.89489317
281764,281764,0.89154893
541476,541476,0.91038144
3219527,3219527,0.8973113
1360709,1360709,0.90116405
4256033,4256033,0.88383657
4213204,4213204,0.89884627
633217,633217,0.9050178
386238,386238,0.21314266
630942,630942,0.89986265
24273,24273,0.8931901
1599565,1599565,0.9016118
3168610,3168610,0.8974059
162470,162470,0.8890856
931055,931055,0.89513123
443502,443502,0.8943935
3163747,3163747,0.8947014
1480310,1480310,0.8939646
1061206,1061206,0.910551
1275007,1275007,0.89981675
228698,228698,0.91058683
289428,289428,0.89899004
562710,562710,0.9079144
1088447,1088447,0.90027463
212104,212104,0.9000209
412351,412351,0.903774
3183618,3183618,0.8940898
313362,313362,0.8813731
88846,88846,0.9052266
121126,121126,0.9056364
1630272,1630272,0.9050784
2906007,2906007,0.8944221
942882,942882,0.88767266
1600654,1600654,0.8975742
1326652,1326652,0.8917328
1019234,1019234,0.91481435
1412525,1412525,0.896033
1563898,1563898,0.89541674
1477595,1477595,0.9089831
480968,480968,0.8912389
335973,335973,0.9018291
1518557,1518557,0.8982209
1365418,1365418,0.89386874
535223,535223,0.87966007
3039249,3039249,0.90008163
746666,746666,0.8945917
1673457,1673457,0.8971566
32668,32668,0.89085335
177829,177829,0.900768
732223,732223,0.89024293
574840,574840,0.89070654
475494,475494,0.9046735
477164,477164,0.8976857
1270260,1270260,0.89965886
433574,433574,0.8958609
76799,76799,0.8908101
1163676,1163676,0.90091723
1446911,1446911,0.9023884
2971934,2971934,0.907538
138364,138364,0.8947663
112668,112668,0.89417356
997643,997643,0.8978244
1216968,1216968,0.8888233
1372379,1372379,0.89376104
633944,633944,0.9071331
1572895,1572895,0.89518887
1282637,1282637,0.9050481
502475,502475,0.90378547
2751415,2751415,0.8856189
921935,921935,0.89740574
652457,652457,0.90112716
1336600,1336600,0.8856306
470319,470319,0.903752
848452,848452,0.90104926
3159517,3159517,0.9057278
949246,949246,0.89410543
3227396,3227396,0.89233536
483818,483818,0.8821207
2862300,2862300,0.9011466
1593693,1593693,0.8990634
765238,765238,0.9012114
892715,892715,0.87909055
1320902,1320902,0.9016465
727852,727852,0.8964018
2879001,2879001,0.88497126
875078,875078,0.9031034
2534242,2534242,0.9003588
888074,888074,0.8935559
1007336,1007336,0.907728
657862,657862,0.90513885
3050772,3050772,0.8925509
1421977,1421977,0.9002388
1051409,1051409,0.8959502
186067,186067,0.89308244
3189538,3189538,0.9106453
323462,323462,0.8884423
545,545,0.90593827
1571840,1571840,0.9194143
907097,907097,0.8934631
3010353,3010353,0.9069619
1237698,1237698,0.05632454
1587980,1587980,0.89689577
484044,484044,0.8922877
2682735,2682735,0.8996606
105520,105520,0.04111004
632718,632718,0.892065
325116,325116,0.8864437
639219,639219,0.8952819
459506,459506,0.90274376
544184,544184,0.8933632
1353764,1353764,0.8915955
3159909,3159909,0.89642215
329944,329944,0.86894894
833434,833434,0.90453124
1343518,1343518,0.8657126
74830,74830,0.90321857
149793,149793,0.87365735
65687,65687,0.89615726
1095327,1095327,0.9141899
723944,723944,0.8915599
1199189,1199189,0.91110396
1324536,1324536,0.8917823
1291227,1291227,0.836284
1057843,1057843,0.90630305
846097,846097,0.9091913
869947,869947,0.89297897
527565,527565,0.8922916
2984641,2984641,0.9053068
740510,740510,0.8969299
633910,633910,0.8948541
1161727,1161727,0.8994361
1492670,1492670,0.8865605
3396439,3396439,0.8990663
61326,61326,0.9013622
1361081,1361081,0.8916439
644701,644701,0.36287108
37149,37149,0.8951865
1049448,1049448,0.8895471
222745,222745,0.8975909
413432,413432,0.89474684
386008,386008,0.90291405
688124,688124,0.9053695
1107325,1107325,0.89384174
1299610,1299610,0.8882477
4401473,4401473,0.9012498
3011629,3011629,0.90612257
1471101,1471101,0.8985408
268905,268905,0.8964884
3151628,3151628,0.88438785
2664339,2664339,0.9008877
779979,779979,0.90259975
753731,753731,0.8890514
422914,422914,0.9063923
3000890,3000890,0.9031297
1244759,1244759,0.90045565
329584,329584,0.91225004
2923308,2923308,0.8943897
992509,992509,0.8967385
1080272,1080272,0.8929447
1477706,1477706,0.8916289
766323,766323,0.90542406
1489099,1489099,0.89249295
1336905,1336905,0.8858303
1238596,1238596,0.8992652
1442291,1442291,0.8958068
1043961,1043961,0.13528597
421825,421825,0.89208025
1252835,1252835,0.3529566
426530,426530,0.9101223
1269266,1269266,0.89443845
229318,229318,0.899782
2849683,2849683,0.9021355
724709,724709,0.8911801
1105330,1105330,0.899809
1648592,1648592,0.8907328
3629009,3629009,0.8960047
403324,403324,0.89283156
1646533,1646533,0.89771444
809521,809521,0.8770305
966301,966301,0.90053946
373297,373297,0.9059781
637944,637944,0.9013577
619782,619782,0.9045547
2994517,2994517,0.89639425
1253831,1253831,0.8880882
581312,581312,0.89708763
1310914,1310914,0.89490724
13030,13030,0.89462787
192772,192772,0.89702785
1046370,1046370,0.8955487
494748,494748,0.8886866
769077,769077,0.90224797
3227606,3227606,0.89626384
1030495,1030495,0.89846075
4409372,4409372,0.89442927
3197743,3197743,0.9025191
3198157,3198157,0.9042528
3144418,3144418,0.896118
644105,644105,0.88436997
69594,69594,0.90336347
3199548,3199548,0.9038956
3128245,3128245,0.89640087
28808,28808,0.89699554
3084617,3084617,0.8907264
530926,530926,0.89843464
541704,541704,0.890665
1080660,1080660,0.9013078
1672920,1672920,0.90044147
2994575,2994575,0.9032381
1144229,1144229,0.9045748
772420,772420,0.894322
470414,470414,0.89947593
849702,849702,0.8979369
4215186,4215186,0.8993681
354243,354243,0.91288817
1499190,1499190,0.89239484
184012,184012,0.8931116
931758,931758,0.89286685
696848,696848,0.8921235
412019,412019,0.89308006
3027009,3027009,0.8970432
1337341,1337341,0.90357417
710208,710208,0.8870263
389253,389253,0.90274674
521099,521099,0.89480835
2968081,2968081,0.8931564
3044534,3044534,0.903429
3088209,3088209,0.8858794
205753,205753,0.8924995
428601,428601,0.8998977
1429817,1429817,0.8968181
360045,360045,0.89678234
1656515,1656515,0.8958599
4209873,4209873,0.8971493
216235,216235,0.89806366
392405,392405,0.9008775
384226,384226,0.90580654
1673559,1673559,0.90621895
1092802,1092802,0.91021174
884855,884855,0.9056515
311754,311754,0.89307064
4405409,4405409,0.8970439
1262632,1262632,0.9113618
177032,177032,0.9048747
765021,765021,0.9021197
2846048,2846048,0.8897261
2919958,2919958,0.89740837
2535866,2535866,0.9011613
3787988,3787988,0.89449596
1342264,1342264,0.88941836
3033236,3033236,0.8927095
1213711,1213711,0.89386314
1457020,1457020,0.88904303
1279217,1279217,0.90133166
543306,543306,0.9104104
525058,525058,0.90258485
163801,163801,0.89394355
3136938,3136938,0.65542394
996292,996292,0.8958365
1409309,1409309,0.8894526
415727,415727,0.8946226
1456435,1456435,0.9083268
807437,807437,0.89298016
2850129,2850129,0.90000015
218141,218141,0.9039347
1195627,1195627,0.8910492
1209920,1209920,0.892929
1159906,1159906,0.90004563
191477,191477,0.89861166
24117,24117,0.9038263
4214817,4214817,0.9000184
1227190,1227190,0.89247566
1092108,1092108,0.89394385
1516619,1516619,0.8921315
721659,721659,0.90284973
1570561,1570561,0.8879137
296746,296746,0.9128038
3613239,3613239,0.9031321
704410,704410,0.8857815
993796,993796,0.9033333
116344,116344,0.88686335
83815,83815,0.8964482
1635805,1635805,0.8522411
4233586,4233586,0.89384365
2996666,2996666,0.8957312
2936767,2936767,0.5424498
815581,815581,0.9094326
2842910,2842910,0.9035501
3085846,3085846,0.8902813
3013938,3013938,0.89786863
396644,396644,0.90436894
1167492,1167492,0.90245414
1159689,1159689,0.8914745
178734,178734,0.9152619
1619436,1619436,0.89418375
52496,52496,0.42230496
196534,196534,0.90332127
1481040,1481040,0.90294594
1420873,1420873,0.89888734
2925766,2925766,0.899415
1207102,1207102,0.8915426
768179,768179,0.86664385
2904604,2904604,0.89026797
481746,481746,0.896084
844159,844159,0.89160115
3211445,3211445,0.89955753
2959584,2959584,0.91350824
3104671,3104671,0.8947447
1213857,1213857,0.8918839
1197237,1197237,0.89998287
462096,462096,0.89548826
569946,569946,0.9059325
1474787,1474787,0.12666667
943670,943670,0.89463514
1328222,1328222,0.90387267
526078,526078,0.8983424
321794,321794,0.8919203
2844190,2844190,0.89569336
763123,763123,0.9088813
3134122,3134122,0.8965671
724459,724459,0.9015777
3093419,3093419,0.8955576
103085,103085,0.89895236
1189905,1189905,0.89275366
467804,467804,0.90148693
1024530,1024530,0.8921761
3049794,3049794,0.891947
977540,977540,0.88628036
610805,610805,0.904493
903837,903837,0.8950205
4257363,4257363,0.9026731
1608869,1608869,0.8969987
1644341,1644341,0.9084368
1289605,1289605,0.89674544
1575902,1575902,0.903206
309762,309762,0.9025997
2888069,2888069,0.89692396
1395455,1395455,0.89557475
826785,826785,0.89425004
539455,539455,0.89428794
2873369,2873369,0.9037449
967083,967083,0.89698315
3024712,3024712,0.8752139
3036940,3036940,0.90282816
1357818,1357818,0.90606874
2738812,2738812,0.897515
1603196,1603196,0.8924155
2943367,2943367,0.89440095
3032399,3032399,0.8995854
389706,389706,0.8979598
458046,458046,0.91626406
278544,278544,0.90105003
1275814,1275814,0.89575535
1431571,1431571,0.89788765
2888034,2888034,0.90461606
1386688,1386688,0.89912677
1156392,1156392,0.8662682
11196,11196,0.91385233
2748014,2748014,0.9072627
2828104,2828104,0.9063176
1245717,1245717,0.9000633
194027,194027,0.8887333
645296,645296,0.89221895
784583,784583,0.89433134
516156,516156,0.8987137
3785398,3785398,0.89607567
770948,770948,0.8991671
175101,175101,0.8911794
384498,384498,0.81701136
3394942,3394942,0.8969231
2787511,2787511,0.8989735
1205385,1205385,0.32604665
453802,453802,0.9037381
2901528,2901528,0.90726894
4275980,4275980,0.8892795
454875,454875,0.88558495
966285,966285,0.9094453
410865,410865,0.8999656
454631,454631,0.8808842
211899,211899,0.89418757
1459079,1459079,0.90661037
2959983,2959983,0.9039033
2961425,2961425,0.9082708
1537211,1537211,0.089199714
620080,620080,0.90291035
198120,198120,0.9010499
3628388,3628388,0.9007992
424387,424387,0.9001767
1348487,1348487,0.89948714
1417317,1417317,0.90147734
3795220,3795220,0.89150774
2680475,2680475,0.8985054
214136,214136,0.93042266
1518838,1518838,0.89790535
246310,246310,0.8895918
1187678,1187678,0.89222455
2970665,2970665,0.89405274
1436001,1436001,0.9021748
4406101,4406101,0.8818061
1434995,1434995,0.8962091
589004,589004,0.3604924
3402587,3402587,0.90059185
2975396,2975396,0.90370154
182567,182567,0.89306045
784319,784319,0.89699006
4201116,4201116,0.90403783
3226894,3226894,0.8945886
1646428,1646428,0.8894953
1555112,1555112,0.8962596
727865,727865,0.90115416
4274375,4274375,0.89894927
67527,67527,0.89327043
1010440,1010440,0.9025894
2831860,2831860,0.9166463
37871,37871,0.16157743
4405809,4405809,0.7768333
993130,993130,0.81048936
979253,979253,0.8950323
97450,97450,0.906415
421356,421356,0.9028346
178550,178550,0.86803716
473307,473307,0.8889715
888918,888918,0.89411783
3141401,3141401,0.8921687
507597,507597,0.8963925
1222407,1222407,0.89125574
471821,471821,0.9047181
998039,998039,0.90507615
402969,402969,0.8934584
559810,559810,0.8965608
2988927,2988927,0.890758
1169060,1169060,0.90794754
274139,274139,0.8962188
718735,718735,0.8887012
1658287,1658287,0.89755094
228910,228910,0.9044248
1362798,1362798,0.8984044
61734,61734,0.8977562
2858751,2858751,0.90101004
802160,802160,0.90230745
47697,47697,0.897539
1492149,1492149,0.9016432
2660530,2660530,0.88937753
123561,123561,0.8881776
933446,933446,0.9035321
3396209,3396209,0.49291262
1574810,1574810,0.8896666
767106,767106,0.90088975
1409901,1409901,0.9007442
1253112,1253112,0.89737093
8487,8487,0.90553087
588960,588960,0.89420396
2857065,2857065,0.88650936
1544184,1544184,0.47344393
396718,396718,0.8886499
1211461,1211461,0.901848
862698,862698,0.904958
1289560,1289560,0.89274794
762581,762581,0.21564758
532253,532253,0.9426972
1485900,1485900,0.9280074
212881,212881,0.90653217
1237803,1237803,0.8961131
634975,634975,0.9057167
1335984,1335984,0.90411776
1082866,1082866,0.8962822
274636,274636,0.8912678
138997,138997,0.9013263
854801,854801,0.89119744
1486903,1486903,0.9148824
1162650,1162650,0.88998663
1087511,1087511,0.8947335
55830,55830,0.9171881
22090,22090,0.8816958
1106281,1106281,0.89509696
334234,334234,0.8959535
2508168,2508168,0.9034705
3168861,3168861,0.9061122
1121212,1121212,0.8929927
2776069,2776069,0.89769
1439763,1439763,0.89661866
3796388,3796388,0.9032135
1282317,1282317,0.89996773
556666,556666,0.91281694
75276,75276,0.897357
2745184,2745184,0.89920455
860385,860385,0.9030868
3156057,3156057,0.04472909
1651742,1651742,0.89117473
1512312,1512312,0.89515275
4210770,4210770,0.90646476
141824,141824,0.8950026
3075389,3075389,0.87929106
3619825,3619825,0.90692496
1646852,1646852,0.9009973
1122306,1122306,0.42339075
983356,983356,0.8983424
386834,386834,0.90245265
3212957,3212957,0.89782786
1589918,1589918,0.8921891
882377,882377,0.8964993
529301,529301,0.90179366
929547,929547,0.72890466
4234750,4234750,0.8889684
785930,785930,0.39251474
2986733,2986733,0.895238
2848625,2848625,0.88288593
844373,844373,0.85008204
160779,160779,0.8926897
1099979,1099979,0.88349634
1293875,1293875,0.9015407
1622028,1622028,0.8930411
508581,508581,0.90304697
734766,734766,0.84348655
1072184,1072184,0.89252913
1659782,1659782,0.9151517
502755,502755,0.87647647
500499,500499,0.9003659
2957749,2957749,0.8304562
176808,176808,0.89850277
288860,288860,0.879464
3081715,3081715,0.86170584
775258,775258,0.897545
4206029,4206029,0.9004816
1309535,1309535,0.04260762
2891491,2891491,0.88792956
3200290,3200290,0.90314156
723674,723674,0.95502746
1211569,1211569,0.89987963
1152621,1152621,0.89665294
192854,192854,0.8939335
881597,881597,0.8900431
191630,191630,0.8993991
1171444,1171444,0.89599746
1535178,1535178,0.89443463
1279531,1279531,0.90680605
182726,182726,0.8991412
2824956,2824956,0.89634424
658885,658885,0.8903867
562879,562879,0.89098936
265608,265608,0.89780426
2901140,2901140,0.896788
912691,912691,0.8951277
1551591,1551591,0.90274763
160071,160071,0.8935445
302003,302003,0.88581014
2758023,2758023,0.8830613
1102244,1102244,0.8858932
1035959,1035959,0.8957933
2794100,2794100,0.8669136
720079,720079,0.8944123
1485130,1485130,0.89370745
309401,309401,0.8856949
1112298,1112298,0.79783624
4265439,4265439,0.90286374
1230298,1230298,0.8952368
895160,895160,0.8911696
424789,424789,0.88625413
1131099,1131099,0.9009793
1631529,1631529,0.8905766
77958,77958,0.8950229
1659755,1659755,0.89159346
979505,979505,0.8982356
10122,10122,0.887587
4236153,4236153,0.89409435
1150283,1150283,0.4602109
990659,990659,0.87357545
3175363,3175363,0.85217637
1448336,1448336,0.8994539
1292895,1292895,0.88571066
4248794,4248794,0.8958016
293227,293227,0.9222512
240841,240841,0.895572
1544348,1544348,0.8814626
2928610,2928610,0.9017825
355507,355507,0.8940491
1286284,1286284,0.8897644
318534,318534,0.86366224
1070772,1070772,0.90094435
306492,306492,0.89816654
381796,381796,0.9053743
62621,62621,0.9012925
508825,508825,0.8980337
296892,296892,0.8981057
608762,608762,0.90442
3126951,3126951,0.90549207
2959736,2959736,0.9106667
1026158,1026158,0.8932613
724586,724586,0.8917759
3154448,3154448,0.90751344
301281,301281,0.90520823
112513,112513,0.9048898
1038348,1038348,0.038833905
317751,317751,0.8961941
1020989,1020989,0.9009091
1069082,1069082,0.90196043
906777,906777,0.90580845
1453081,1453081,0.89528114
3036091,3036091,0.9014132
3084337,3084337,0.90445215
3400309,3400309,0.89678866
4218239,4218239,0.89328575
4234124,4234124,0.9392559
1111301,1111301,0.8906477
911536,911536,0.88452035
83466,83466,0.9014797
2931645,2931645,0.9051754
960866,960866,0.8934822
1508169,1508169,0.9016985
3629277,3629277,0.89675915
4271786,4271786,0.46519637
625350,625350,0.8939768
3623750,3623750,0.89410436
1340109,1340109,0.89797986
193537,193537,0.8990937
1319548,1319548,0.90032095
528485,528485,0.90572417
189338,189338,0.90162045
3019159,3019159,0.89202166
1498611,1498611,0.9042976
471368,471368,0.9366037
1479416,1479416,0.90306336
583777,583777,0.88492227
650359,650359,0.8906608
392996,392996,0.9044796
2886053,2886053,0.90133154
434267,434267,0.9015588
1311972,1311972,0.8978912
197317,197317,0.90038276
813307,813307,0.90097994
1097884,1097884,0.89791745
2685168,2685168,0.9000671
483343,483343,0.9157984
3078660,3078660,0.90061903
3127647,3127647,0.902512
3629654,3629654,0.90029603
4394105,4394105,0.90702355
753605,753605,0.8988232
266901,266901,0.90265447
328663,328663,0.9032451
3145564,3145564,0.90262395
3050506,3050506,0.9049379
1623060,1623060,0.89148915
2777958,2777958,0.9157403
1134347,1134347,0.90731645
266604,266604,0.89419204
2787038,2787038,0.90154535
977996,977996,0.8961055
202764,202764,0.8934302
1125731,1125731,0.9085692
1035520,1035520,0.893295
449983,449983,0.8994561
1266101,1266101,0.90132517
9859,9859,0.8868593
1655040,1655040,0.8326956
3157574,3157574,0.893927
1467989,1467989,0.9011312
34789,34789,0.89865345
1535092,1535092,0.8867382
3024627,3024627,0.90315145
1129281,1129281,0.8886458
390112,390112,0.8859257
800487,800487,0.85728955
429691,429691,0.898595
255279,255279,0.9053226
550530,550530,0.89183426
1337273,1337273,0.8320156
4271363,4271363,0.90172833
375556,375556,0.88262266
469270,469270,0.8876155
2738889,2738889,0.9024608
4263735,4263735,0.6817325
1049555,1049555,0.899251
212273,212273,0.8920103
743009,743009,0.89912325
495251,495251,0.8927679
3079099,3079099,0.9018365
1326924,1326924,0.9041491
2681168,2681168,0.9012269
1091058,1091058,0.8773122
1329827,1329827,0.89815176
641095,641095,0.8950037
4198638,4198638,0.8866618
1326504,1326504,0.89234436
798966,798966,0.893682
10178,10178,0.89439446
1644250,1644250,0.05867975
118022,118022,0.909131
399236,399236,0.9200184
3063688,3063688,0.91805357
1164079,1164079,0.89355916
188680,188680,0.90347576
3001646,3001646,0.89787966
809733,809733,0.88939714
3172572,3172572,0.90030915
1162421,1162421,0.8928069
3629219,3629219,0.90397316
1063721,1063721,0.90792394
191390,191390,0.9021384
2671108,2671108,0.90753585
1596062,1596062,0.9020253
996452,996452,0.8936786
3169452,3169452,0.86564004
3171841,3171841,0.9009598
1299885,1299885,0.9005085
1321087,1321087,0.90722126
553576,553576,0.8852543
938978,938978,0.90282124
3400797,3400797,0.88883406
2726491,2726491,0.89314586
1441789,1441789,0.89079857
1215543,1215543,0.89292157
1352509,1352509,0.9014843
3206549,3206549,0.9025727
1163253,1163253,0.9024413
3207314,3207314,0.89974356
1514640,1514640,0.90829545
106742,106742,0.8991734
1575886,1575886,0.88946027
312081,312081,0.90093076
1518350,1518350,0.89205134
610111,610111,0.891681
4256950,4256950,0.90691215
52808,52808,0.91989356
1366021,1366021,0.88419616
382229,382229,0.89172804
3407349,3407349,0.90463537
4269475,4269475,0.9034033
130250,130250,0.8943283
3027836,3027836,0.90258366
382287,382287,0.9039592
816837,816837,0.88799816
4412392,4412392,0.90001714
4262385,4262385,0.90533847
1532540,1532540,0.8910734
2866380,2866380,0.8931056
521577,521577,0.90579194
1080637,1080637,0.89327294
1364442,1364442,0.8962197
656927,656927,0.90328526
2767272,2767272,0.9025364
191857,191857,0.89518464
3622878,3622878,0.89829487
3093721,3093721,0.8939985
103395,103395,0.88912433
1077080,1077080,0.8956069
241613,241613,0.8945738
1571231,1571231,0.90503144
113270,113270,0.90847576
518279,518279,0.9047397
1485795,1485795,0.8973991
202577,202577,0.88583934
1510009,1510009,0.9120604
1195366,1195366,0.89767736
1080283,1080283,0.89057016
53784,53784,0.88907164
619171,619171,0.900829
500871,500871,0.8950253
1600935,1600935,0.8931507
373334,373334,0.8950032
939996,939996,0.9007202
102226,102226,0.8724081
2740968,2740968,0.9233365
2670275,2670275,0.89351374
3045247,3045247,0.89455336
1660825,1660825,0.89813215
1591805,1591805,0.8952811
415238,415238,0.9041012
344227,344227,0.8964203
1495821,1495821,0.89448154
838607,838607,0.9019974
1661871,1661871,0.8832264
30706,30706,0.8980324
648572,648572,0.89554954
4244760,4244760,0.90359145
1363277,1363277,0.9029989
3409636,3409636,0.90258056
1044646,1044646,0.9159394
443655,443655,0.8918274
1572569,1572569,0.9008197
3219707,3219707,0.8928792
445845,445845,0.9035756
3040487,3040487,0.9018839
717228,717228,0.8892114
1463563,1463563,0.8964319
3625285,3625285,0.90138113
951183,951183,0.90238285
161733,161733,0.8974111
153049,153049,0.8910385
835992,835992,0.8930595
3099114,3099114,0.9001112
378308,378308,0.9001134
22226,22226,0.90110487
1567595,1567595,0.8961603
2888412,2888412,0.9048703
1168161,1168161,0.89250016
1340732,1340732,0.90820736
2797271,2797271,0.90714014
1057044,1057044,0.90575427
257331,257331,0.89024585
677574,677574,0.89069384
1074650,1074650,0.901365
2738829,2738829,0.906312
89311,89311,0.9000221
1213367,1213367,0.8987438
1384886,1384886,0.9070111
2763026,2763026,0.91014814
959854,959854,0.90798134
2860149,2860149,0.9075227
982456,982456,0.8910468
5798,5798,0.8919817
191380,191380,0.8919615
1680066,1680066,0.88948023
246233,246233,0.90096754
3225703,3225703,0.90720755
4217106,4217106,0.90445507
1213554,1213554,0.8985367
977875,977875,0.90632796
504483,504483,0.8935584
90185,90185,0.92743325
559,559,0.8996187
2883605,2883605,0.89343834
475,475,0.8977776
689775,689775,0.906093
330058,330058,0.8990387
1632960,1632960,0.90256256
322714,322714,0.8913609
2864146,2864146,0.9068194
1233707,1233707,0.88796884
1086440,1086440,0.9016839
1534281,1534281,0.90245444
4402117,4402117,0.89295316
2990114,2990114,0.9053521
770055,770055,0.89370704
3018991,3018991,0.9051056
1561790,1561790,0.9013059
2958645,2958645,0.90249026
838881,838881,0.899243
1092486,1092486,0.8911092
2515807,2515807,0.8964095
3181301,3181301,0.8843818
283454,283454,0.90531284
717200,717200,0.8894641
367072,367072,0.8940951
352351,352351,0.90197915
117210,117210,0.89967215
1392476,1392476,0.9425991
906553,906553,0.90210485
375597,375597,0.8956266
450048,450048,0.90265113
1408858,1408858,0.88816893
490699,490699,0.8890475
806292,806292,0.9025219
1291960,1291960,0.8352488
50963,50963,0.8952849
1480305,1480305,0.901878
1099108,1099108,0.8936215
1186731,1186731,0.8995095
692796,692796,0.8925581
213586,213586,0.8996668
198215,198215,0.89897025
261149,261149,0.904931
758274,758274,0.9042194
440753,440753,0.9054575
437271,437271,0.8921162
2682110,2682110,0.8990285
506216,506216,0.90254706
745433,745433,0.89464915
9096,9096,0.8878319
3096455,3096455,0.90414983
708555,708555,0.89248174
314075,314075,0.89932245
462693,462693,0.90318334
30075,30075,0.8940292
698126,698126,0.88052505
1440587,1440587,0.89215034
1446872,1446872,0.8992116
3398523,3398523,0.9007549
1074302,1074302,0.905634
2984574,2984574,0.9039052
1190137,1190137,0.89574814
505913,505913,0.8869811
321995,321995,0.88386816
1011439,1011439,0.8895555
1379248,1379248,0.17843425
763638,763638,0.9041462
554231,554231,0.8810024
3226792,3226792,0.89235175
3203350,3203350,0.89556676
316204,316204,0.88654464
244564,244564,0.903755
1474398,1474398,0.89084536
191924,191924,0.90443397
704964,704964,0.89277
1169227,1169227,0.050923947
1006687,1006687,0.89834625
1415769,1415769,0.9047358
671983,671983,0.8952567
1079124,1079124,0.90352035
1060305,1060305,0.8999171
1649651,1649651,0.894493
2873504,2873504,0.8932118
352666,352666,0.893265
772934,772934,0.8942434
3123252,3123252,0.909713
621165,621165,0.89682454
574703,574703,0.9039369
940263,940263,0.8925087
982430,982430,0.88728154
3014079,3014079,0.89022744
119756,119756,0.887099
2857171,2857171,0.939527
1510855,1510855,0.8941395
1086586,1086586,0.90202975
98876,98876,0.88499963
1563797,1563797,0.8928149
834147,834147,0.889708
2906181,2906181,0.8942752
1265063,1265063,0.89420414
3404566,3404566,0.898968
1118081,1118081,0.90616894
1580452,1580452,0.9028264
1302308,1302308,0.9083985
4394892,4394892,0.8945402
3131313,3131313,0.9017378
655986,655986,0.8833065
1021607,1021607,0.8931379
1318204,1318204,0.900435
2673310,2673310,0.9039598
928546,928546,0.8901043
67116,67116,0.9049407
858013,858013,0.89785326
483405,483405,0.9079833
3089278,3089278,0.9020873
1235624,1235624,0.89230484
677847,677847,0.89104444
1373626,1373626,0.9077743
3216888,3216888,0.8577989
609656,609656,0.9124723
969433,969433,0.8894626
1110783,1110783,0.17241842
888473,888473,0.89158446
2855447,2855447,0.9040728
3142186,3142186,0.89329326
1055628,1055628,0.89812887
371219,371219,0.88834256
457553,457553,0.9042968
3128962,3128962,0.8941098
631650,631650,0.90235364
1491895,1491895,0.8937481
1003759,1003759,0.8936909
981746,981746,0.89494085
2969514,2969514,0.9009333
1499628,1499628,0.8960481
3197814,3197814,0.8904243
414863,414863,0.9003869
184503,184503,0.88928956
419565,419565,0.8993247
1043805,1043805,0.8966928
1532112,1532112,0.9070862
1292702,1292702,0.9025295
1505520,1505520,0.89912724
810801,810801,0.89932626
2750605,2750605,0.89858305
490921,490921,0.90904105
1609732,1609732,0.8798587
258651,258651,0.89827204
131493,131493,0.89852
2654983,2654983,0.88516045
62354,62354,0.90278065
4393417,4393417,0.88947797
3614944,3614944,0.90226835
911598,911598,0.8699561
1483203,1483203,0.8947136
3407076,3407076,0.9054892
1067234,1067234,0.9053879
2505437,2505437,0.73416275
2850979,2850979,0.9013453
19939,19939,0.90426326
1296869,1296869,0.8971797
473315,473315,0.86371577
927415,927415,0.9025738
3410636,3410636,0.89898807
531053,531053,0.89429885
237358,237358,0.8913097
1436573,1436573,0.88978505
155618,155618,0.86955315
411751,411751,0.8956268
1301723,1301723,0.8894258
882180,882180,0.90344656
3065283,3065283,0.90385014
794495,794495,0.90411115
754133,754133,0.8945112
2984076,2984076,0.8810214
386285,386285,0.89850825
109415,109415,0.89883685
684494,684494,0.88838404
501080,501080,0.88717157
173593,173593,0.89687026
3790519,3790519,0.898319
420183,420183,0.8936367
2978252,2978252,0.89802635
2525523,2525523,0.8972975
984791,984791,0.9042898
2522621,2522621,0.89935493
1177545,1177545,0.9061343
3012039,3012039,0.90046763
356485,356485,0.89298505
1439292,1439292,0.9023453
575909,575909,0.8927876
3062221,3062221,0.8856578
2921039,2921039,0.8981513
2892707,2892707,0.90136933
1379197,1379197,0.8966221
1332102,1332102,0.899157
1195751,1195751,0.90373516
1322633,1322633,0.83231366
1376578,1376578,0.88973117
482506,482506,0.9041069
199181,199181,0.90013885
2922489,2922489,0.89230573
200109,200109,0.8864508
2932505,2932505,0.90024304
472066,472066,0.89843553
984085,984085,0.90297985
1141698,1141698,0.85842603
436554,436554,0.8927452
930650,930650,0.8977236
1124736,1124736,0.91157377
1113603,1113603,0.9100756
61783,61783,0.8178762
4261971,4261971,0.9002958
779510,779510,0.89481217
230644,230644,0.8962911
146328,146328,0.90066814
59088,59088,0.8979708
757844,757844,0.8909726
98447,98447,0.941093
1602422,1602422,0.8957312
1015938,1015938,0.8937221
748730,748730,0.89553845
3153859,3153859,0.89729106
1082586,1082586,0.89643955
2865901,2865901,0.90418804
2930749,2930749,0.9036589
3159992,3159992,0.8954533
177996,177996,0.9033664
951335,951335,0.89247084
1076860,1076860,0.904857
1216752,1216752,0.95119524
2824303,2824303,0.89803255
3063844,3063844,0.89640146
15946,15946,0.8864731
66068,66068,0.8491286
1193313,1193313,0.88996303
504085,504085,0.89016
316266,316266,0.90091735
922404,922404,0.8970338
51486,51486,0.8998649
1558321,1558321,0.9009305
456953,456953,0.8744961
391871,391871,0.9034714
2993918,2993918,0.9008082
170153,170153,0.89662313
2917129,2917129,0.9063676
1005991,1005991,0.9039936
478748,478748,0.90167606
2867288,2867288,0.90230703
657613,657613,0.9047875
850881,850881,0.876049
2898420,2898420,0.90108776
2852543,2852543,0.9049757
687611,687611,0.88770586
1441044,1441044,0.8948595
3800137,3800137,0.90337926
1190079,1190079,0.8971349
1176663,1176663,0.894879
418753,418753,0.9050003
1487787,1487787,0.89437747
30793,30793,0.9170662
1136165,1136165,0.9037029
1624940,1624940,0.90870714
1140612,1140612,0.8988611
864559,864559,0.8922912
543319,543319,0.90175915
244388,244388,0.063288175
441566,441566,0.89970237
4239409,4239409,0.9016132
964555,964555,0.9026955
35713,35713,0.89309907
1481028,1481028,0.8950302
1201656,1201656,0.8960528
1632969,1632969,0.89291227
24905,24905,0.89748216
3071606,3071606,0.90387607
561763,561763,0.8908343
778308,778308,0.9096217
191666,191666,0.89302635
459367,459367,0.8750977
4206284,4206284,0.90730095
1755077,1755077,0.89838046
2835275,2835275,0.9014846
1414223,1414223,0.88920295
231034,231034,0.9073935
4409070,4409070,0.8954731
583350,583350,0.8609977
524104,524104,0.892096
1176356,1176356,0.9060901
324903,324903,0.9003353
1566298,1566298,0.8919595
1311220,1311220,0.8869
4262206,4262206,0.8924983
1647730,1647730,0.89409006
1600192,1600192,0.14120208
113298,113298,0.90536803
618696,618696,0.90267164
3118187,3118187,0.8818617
392139,392139,0.90509796
823165,823165,0.8998642
979125,979125,0.70502424
687325,687325,0.90404534
410313,410313,0.887775
1674890,1674890,0.8910422
237009,237009,0.8711043
3174656,3174656,0.8891903
76807,76807,0.89518696
3111111,3111111,0.89660734
1331149,1331149,0.901398
1645128,1645128,0.8973699
751617,751617,0.89676356
2681756,2681756,0.91653836
3138186,3138186,0.89603174
942052,942052,0.8172526
964604,964604,0.060236525
1184733,1184733,0.8829515
1576534,1576534,0.9065785
359490,359490,0.8944224
1462047,1462047,0.74906516
249447,249447,0.90128255
1538018,1538018,0.9029715
1101181,1101181,0.8938827
2847282,2847282,0.90453553
2876553,2876553,0.89688504
740728,740728,0.8900885
704011,704011,0.88972
1448699,1448699,0.8732215
845262,845262,0.90157133
1563664,1563664,0.8957536
142998,142998,0.895984
3101686,3101686,0.8880618
1051003,1051003,0.90346634
1043161,1043161,0.8994926
746164,746164,0.8841686
1522574,1522574,0.9030492
119041,119041,0.8907103
3784616,3784616,0.9033982
1039736,1039736,0.8984406
3212895,3212895,0.9007922
783273,783273,0.9038225
944656,944656,0.9021749
1609946,1609946,0.870832
1483363,1483363,0.42527723
1036597,1036597,0.8932393
1031773,1031773,0.89546204
3080955,3080955,0.89563024
1536597,1536597,0.8842285
414597,414597,0.8990396
3612355,3612355,0.892677
3627102,3627102,0.8957578
230768,230768,0.90413284
3017131,3017131,0.89638984
1052561,1052561,0.892667
144190,144190,0.9051037
370640,370640,0.898933
35595,35595,0.89387304
3619249,3619249,0.89428014
1634468,1634468,0.88528186
1153542,1153542,0.89195
2529301,2529301,0.90518177
474387,474387,0.9040212
1251058,1251058,0.8865885
3210159,3210159,0.9025324
163124,163124,0.8933443
1673641,1673641,0.9136343
65678,65678,0.90329206
951914,951914,0.89428407
1350701,1350701,0.90286905
231410,231410,0.9009701
3620793,3620793,0.9007793
1601735,1601735,0.88817495
1196171,1196171,0.8948316
395124,395124,0.891494
468490,468490,0.9015407
434046,434046,0.9005797
2852584,2852584,0.8976393
488560,488560,0.88903445
973256,973256,0.9077939
756303,756303,0.8871239
924765,924765,0.9040189
1368089,1368089,0.90343577
652389,652389,0.9120382
96568,96568,0.89585125
1192809,1192809,0.9080359
234364,234364,0.8965405
1322254,1322254,0.89244795
600241,600241,0.8901547
1298941,1298941,0.9044093
2821728,2821728,0.9056472
410681,410681,0.89782166
624442,624442,0.8866997
50830,50830,0.9060066
35783,35783,0.8927721
85281,85281,0.8915843
1385124,1385124,0.886911
1012868,1012868,0.8978011
447165,447165,0.8929677
4270935,4270935,0.906574
1631000,1631000,0.9047831
2779620,2779620,0.90662426
1047633,1047633,0.88941157
1337234,1337234,0.8937964
1053306,1053306,0.49938303
636884,636884,0.87692624
948951,948951,0.89849144
1119961,1119961,0.9264752
807931,807931,0.849686
1128217,1128217,0.8927514
2669653,2669653,0.9051502
526561,526561,0.8962298
625878,625878,0.88907844
3792353,3792353,0.90333223
858210,858210,0.90140176
2775545,2775545,0.89019686
2664300,2664300,0.90604836
1428458,1428458,0.8886562
1144874,1144874,0.8956446
3034466,3034466,0.91036576
853084,853084,0.6487159
1084801,1084801,0.89511853
727663,727663,0.8988051
2665573,2665573,0.9077509
4391876,4391876,0.8881979
908414,908414,0.8932846
1519607,1519607,0.88827163
263542,263542,0.88930315
96801,96801,0.8912551
1075141,1075141,0.88653105
903378,903378,0.8927991
430181,430181,0.8970376
798044,798044,0.88948077
277688,277688,0.854398
526967,526967,0.8993481
410241,410241,0.90033495
248731,248731,0.90270275
395536,395536,0.91270584
469128,469128,0.9122197
2503879,2503879,0.89961535
90875,90875,0.90665424
93462,93462,0.9037398
2773543,2773543,0.90715957
4410171,4410171,0.85856664
1652631,1652631,0.8945797
2661333,2661333,0.2755268
4392940,4392940,0.89943147
1513556,1513556,0.8816501
688030,688030,0.89692724
3626646,3626646,0.9002362
3186556,3186556,0.83572334
1482880,1482880,0.8951072
445538,445538,0.8761729
1037828,1037828,0.90073323
1248236,1248236,0.9104277
671923,671923,0.8985917
586296,586296,0.9111672
3218811,3218811,0.8750504
717351,717351,0.88934207
806088,806088,0.90523857
376904,376904,0.89689463
3211821,3211821,0.8901912
986665,986665,0.894793
650705,650705,0.89553607
2963771,2963771,0.90686536
887966,887966,0.9058911
54860,54860,0.9102221
3026031,3026031,0.9010238
324904,324904,0.8886595
1152525,1152525,0.87592065
399589,399589,0.9038749
158265,158265,0.90411437
1410010,1410010,0.89296275
657846,657846,0.89935875
3618819,3618819,0.89775795
1227323,1227323,0.90813017
2930069,2930069,0.8848433
971125,971125,0.9026475
2794663,2794663,0.9056301
89204,89204,0.90199447
3789652,3789652,0.89503413
4205371,4205371,0.90025204
1127572,1127572,0.8968583
2850251,2850251,0.8964959
1401152,1401152,0.9011546
542916,542916,0.8978892
4213681,4213681,0.90406454
1080046,1080046,0.8962711
1597895,1597895,0.91025084
512897,512897,0.89705205
648765,648765,0.89420587
154890,154890,0.9042195
192805,192805,0.8827655
594932,594932,0.88319004
1419423,1419423,0.8922981
798043,798043,0.8844685
1567121,1567121,0.89380383
3102157,3102157,0.90308726
454062,454062,0.9035827
1307190,1307190,0.8990049
345981,345981,0.9039787
466573,466573,0.89395386
3409015,3409015,0.89664894
4415296,4415296,0.9054733
831581,831581,0.8949463
411511,411511,0.90214795
4394161,4394161,0.89424485
665977,665977,0.8941067
1375352,1375352,0.84000933
1291209,1291209,0.88934106
1216129,1216129,0.8989674
1147958,1147958,0.89591205
1018167,1018167,0.88911635
1534609,1534609,0.900685
1418506,1418506,0.90240103
1453214,1453214,0.89419204
1081222,1081222,0.88928926
471529,471529,0.7271724
3129614,3129614,0.8964438
576036,576036,0.89841944
1066554,1066554,0.9052342
1561345,1561345,0.90221214
1569901,1569901,0.899834
3017987,3017987,0.88654035
4264392,4264392,0.89822525
1159692,1159692,0.89757997
780061,780061,0.8862535
4399772,4399772,0.89986044
254625,254625,0.89111376
780598,780598,0.9053087
554092,554092,0.88297755
865620,865620,0.96423066
3153884,3153884,0.9076862
3024603,3024603,0.778888
1554751,1554751,0.896199
732930,732930,0.8943771
2529270,2529270,0.90241957
2907633,2907633,0.17938797
12634,12634,0.8900207
1448237,1448237,0.9061256
1582755,1582755,0.89997584
2986185,2986185,0.8385106
4238144,4238144,0.9042925
83805,83805,0.9006058
1364062,1364062,0.8950411
1029215,1029215,0.8743255
536528,536528,0.9022314
1375892,1375892,0.8919834
1224210,1224210,0.8458499
3058880,3058880,0.8843794
611184,611184,0.90428394
1417445,1417445,0.89344823
2976507,2976507,0.8989322
1379575,1379575,0.9060857
196803,196803,0.8979474
2956584,2956584,0.93534064
1578769,1578769,0.9033267
1299064,1299064,0.893873
2971075,2971075,0.8551579
3786966,3786966,0.90244627
3188425,3188425,0.8990473
2930097,2930097,0.8892142
418769,418769,0.89301455
2772909,2772909,0.8857738
593232,593232,0.88289297
2760149,2760149,0.88293135
1102620,1102620,0.8929826
225244,225244,0.89056665
2863646,2863646,0.90114784
982215,982215,0.87776583
4414099,4414099,0.8947981
174509,174509,0.8815342
1539965,1539965,0.6036636
31122,31122,0.89434516
2662519,2662519,0.89280593
3795731,3795731,0.89712995
692512,692512,0.8844293
1039888,1039888,0.8967185
969008,969008,0.89271736
4265491,4265491,0.9025477
223973,223973,0.90264755
417096,417096,0.88480735
746926,746926,0.89745426
493447,493447,0.8833986
700643,700643,0.88988787
1323382,1323382,0.9017587
1554156,1554156,0.8935217
4410221,4410221,0.89867824
514253,514253,0.89014775
4202638,4202638,0.87607
660986,660986,0.8916186
1206089,1206089,0.8905615
1010658,1010658,0.89411277
358593,358593,0.8966379
1186497,1186497,0.9007834
3175447,3175447,0.9040554
1432603,1432603,0.87885994
141,141,0.89100266
998935,998935,0.8865266
2889484,2889484,0.89243984
930845,930845,0.8975717
414850,414850,0.89892316
644555,644555,0.89506906
880315,880315,0.9021359
1157782,1157782,0.89997506
18991,18991,0.90433043
1473951,1473951,0.9027378
699971,699971,0.89223504
1416889,1416889,0.90405494
905695,905695,0.893714
3003540,3003540,0.8876304
341346,341346,0.90506893
894181,894181,0.90107334
1197792,1197792,0.8963308
607719,607719,0.90301555
669509,669509,0.8926805
4251093,4251093,0.90663946
3223229,3223229,0.8873353
3226244,3226244,0.54143363
4391540,4391540,0.8963929
693095,693095,0.8927373
1216832,1216832,0.9044092
74682,74682,0.8917621
765550,765550,0.899453
697305,697305,0.89600104
2778043,2778043,0.88893664
1260328,1260328,0.91919154
3621597,3621597,0.90314865
1144591,1144591,0.8930219
3405146,3405146,0.88076365
1728279,1728279,0.90440845
414927,414927,0.8994151
305440,305440,0.9013364
1672641,1672641,0.881316
3077785,3077785,0.89833564
1504114,1504114,0.89581627
352232,352232,0.9012833
717549,717549,0.8862676
450510,450510,0.8944243
1332667,1332667,0.8927884
1616801,1616801,0.90094703
264705,264705,0.89922535
3026060,3026060,0.9056425
2988761,2988761,0.89209354
735978,735978,0.895353
1242818,1242818,0.89740634
1602052,1602052,0.89665043
945193,945193,0.89817154
1059802,1059802,0.89291275
3208542,3208542,0.90215755
570312,570312,0.90525806
211477,211477,0.22007833
2924108,2924108,0.90157723
386629,386629,0.8963617
1624994,1624994,0.89524955
1117668,1117668,0.89387125
1303628,1303628,0.88294816
2672286,2672286,0.9038613
4411401,4411401,0.89675915
1276504,1276504,0.90159273
1313637,1313637,0.9069862
4197269,4197269,0.8940552
3627019,3627019,0.771545
3087922,3087922,0.8909769
1156628,1156628,0.9018189
1081453,1081453,0.892877
2869700,2869700,0.8904921
850299,850299,0.9014163
91266,91266,0.9171863
826563,826563,0.90476644
203239,203239,0.9016886
1626971,1626971,0.9013548
511655,511655,0.8941169
453824,453824,0.89730936
881514,881514,0.89646536
1645503,1645503,0.8944535
4269757,4269757,0.8983571
744262,744262,0.8767439
795287,795287,0.8386572
2785168,2785168,0.8955848
1355090,1355090,0.8983604
1562306,1562306,0.90128237
498649,498649,0.8846544
1654381,1654381,0.8970196
1321727,1321727,0.8896324
1134800,1134800,0.9034967
2764872,2764872,0.8888509
793789,793789,0.8981452
1248351,1248351,0.89756316
1287084,1287084,0.89619976
623509,623509,0.892399
2537140,2537140,0.89646685
1041001,1041001,0.8965247
3071885,3071885,0.89224267
1235085,1235085,0.8930064
833871,833871,0.9034202
543212,543212,0.8833462
1578610,1578610,0.8873659
4219158,4219158,0.89693856
729632,729632,0.88103193
179396,179396,0.89602077
4259113,4259113,0.89868474
1260897,1260897,0.9094875
3787265,3787265,0.89683163
143285,143285,0.9058444
3068585,3068585,0.90466076
777350,777350,0.9132069
769224,769224,0.90151376
1103680,1103680,0.9013263
3156036,3156036,0.89805126
347309,347309,0.8925386
586123,586123,0.8961486
503754,503754,0.90535545
139970,139970,0.89242125
978606,978606,0.9152631
326825,326825,0.902395
954752,954752,0.8944698
430652,430652,0.8878839
1062470,1062470,0.88226277
1398898,1398898,0.89652157
1552596,1552596,0.88958126
579368,579368,0.9037886
4197614,4197614,0.8889374
824675,824675,0.89506066
221637,221637,0.9010201
431325,431325,0.90494263
1217561,1217561,0.897754
1558313,1558313,0.9161621
877807,877807,0.89068455
542971,542971,0.90050745
1546443,1546443,0.89690673
534708,534708,0.88312143
2992902,2992902,0.33665922
1100774,1100774,0.89421153
244255,244255,0.8902156
714833,714833,0.88972
647531,647531,0.8948976
2906866,2906866,0.049093124
816411,816411,0.89962095
1232639,1232639,0.89706284
623377,623377,0.89697987
479177,479177,0.89837635
530134,530134,0.9068789
470575,470575,0.912411
2863613,2863613,0.90407246
891102,891102,0.8881046
1061330,1061330,0.89813215
4266302,4266302,0.9020341
564598,564598,0.907738
21121,21121,0.8892234
47339,47339,0.9070628
1026153,1026153,0.905456
451127,451127,0.9033545
481936,481936,0.89431435
86448,86448,0.90133065
1249032,1249032,0.89440227
150879,150879,0.88783556
378075,378075,0.8990195
789996,789996,0.8853829
3164219,3164219,0.89069676
677803,677803,0.9046033
463446,463446,0.9037559
3199150,3199150,0.7831082
3196485,3196485,0.89082235
1621176,1621176,0.90571195
3007528,3007528,0.90419877
3189500,3189500,0.8936215
3224592,3224592,0.8970786
596779,596779,0.9002779
2948212,2948212,0.896616
911864,911864,0.886791
1255692,1255692,0.8846098
4219174,4219174,0.90312654
700985,700985,0.8960728
2966384,2966384,0.89220464
1149344,1149344,0.89783126
697054,697054,0.9062771
240312,240312,0.037944175
1036915,1036915,0.2985709
2745561,2745561,0.8983572
156972,156972,0.89576477
279408,279408,0.8183714
1276717,1276717,0.8936825
226691,226691,0.8902868
1302726,1302726,0.9004262
130313,130313,0.90007883
571777,571777,0.90123135
101259,101259,0.91540706
788350,788350,0.90825474
282555,282555,0.89622974
1518619,1518619,0.9053488
2816510,2816510,0.8752535
1577603,1577603,0.89273643
529005,529005,0.89310646
2500331,2500331,0.9132094
1176732,1176732,0.90305907
771772,771772,0.9014469
274042,274042,0.9047222
2964740,2964740,0.8938072
54401,54401,0.89933246
2982566,2982566,0.90056676
3127766,3127766,0.8879041
2879352,2879352,0.69722396
3079638,3079638,0.9038185
602947,602947,0.8755197
1559963,1559963,0.8908673
4245944,4245944,0.88695794
714705,714705,0.92613894
2839348,2839348,0.8989304
2529542,2529542,0.8985464
857146,857146,0.9072876
901414,901414,0.89654076
306988,306988,0.89360017
1095082,1095082,0.8925975
1084381,1084381,0.9014625
885340,885340,0.88905877
1295410,1295410,0.8945532
1583854,1583854,0.90218246
299293,299293,0.89735293
4259705,4259705,0.9036153
2834743,2834743,0.87400705
1149229,1149229,0.9074659
80364,80364,0.91846347
3094659,3094659,0.8874989
822565,822565,0.899046
549670,549670,0.9012995
104620,104620,0.90339977
2791910,2791910,0.89171004
587706,587706,0.8913686
985375,985375,0.8949771
1484218,1484218,0.9012316
4275913,4275913,0.04225544
4210669,4210669,0.85406667
2541654,2541654,0.9023033
124637,124637,0.8873018
2976772,2976772,0.8857168
856941,856941,0.8951044
559065,559065,0.8985772
383880,383880,0.91849846
842515,842515,0.89579636
3620249,3620249,0.9039117
2519257,2519257,0.89356035
2800607,2800607,0.88498807
3402698,3402698,0.9023056
867615,867615,0.8941342
1175744,1175744,0.9038155
1245309,1245309,0.89220405
1505315,1505315,0.90712935
159825,159825,0.9109419
929155,929155,0.89529186
311530,311530,0.90238637
1148615,1148615,0.90107864
319343,319343,0.87572753
330820,330820,0.8920263
1356903,1356903,0.90143394
574648,574648,0.90218616
2865398,2865398,0.89862484
338654,338654,0.90106076
620454,620454,0.8852919
1499571,1499571,0.89703727
979564,979564,0.89312315
395885,395885,0.8905437
1303425,1303425,0.8936308
751415,751415,0.90240246
297246,297246,0.8943468
2969121,2969121,0.90079266
583556,583556,0.84675187
3098004,3098004,0.9006082
2916146,2916146,0.89789
2869061,2869061,0.9037006
3152178,3152178,0.89368534
1251776,1251776,0.89228994
3132494,3132494,0.90513504
621182,621182,0.89916664
1368197,1368197,0.9062485
4240641,4240641,0.8988801
1363762,1363762,0.89589345
2529409,2529409,0.90033835
503273,503273,0.8904518
1499629,1499629,0.87311727
2973254,2973254,0.8989124
1510245,1510245,0.88499635
19605,19605,0.90193015
1456235,1456235,0.8928809
1300571,1300571,0.892633
267559,267559,0.89350533
538053,538053,0.89400727
503952,503952,0.9023755
477040,477040,0.90011305
509380,509380,0.8918167
3224895,3224895,0.90451753
779589,779589,0.8980959
1190045,1190045,0.89826906
1305048,1305048,0.90139335
1159275,1159275,0.89704025
1475239,1475239,0.9025425
1613372,1613372,0.8965042
97652,97652,0.9017335
1467784,1467784,0.88735914
1197362,1197362,0.9015097
889920,889920,0.9053353
270839,270839,0.8922617
1136273,1136273,0.9008799
4199602,4199602,0.89573437
959563,959563,0.86082464
2870009,2870009,0.90419894
3156495,3156495,0.89717233
899383,899383,0.8903998
2883884,2883884,0.9047444
2842070,2842070,0.9025971
1085572,1085572,0.89485985
1050619,1050619,0.9134827
556418,556418,0.9050291
653132,653132,0.89681447
813817,813817,0.9055422
344582,344582,0.8927302
248990,248990,0.89757985
82102,82102,0.9252501
2817278,2817278,0.90107626
119528,119528,0.8974598
3067625,3067625,0.9067095
4195313,4195313,0.91834736
907863,907863,0.894017
1280747,1280747,0.8908859
848376,848376,0.88955945
136955,136955,0.8971424
2884703,2884703,0.8999983
45879,45879,0.88987494
1079450,1079450,0.8985337
772739,772739,0.90054953
1525256,1525256,0.89474756
3405132,3405132,0.901303
2944699,2944699,0.902806
1500542,1500542,0.8822506
743735,743735,0.9007054
809534,809534,0.89867145
1295117,1295117,0.8881042
1350116,1350116,0.9130173
160895,160895,0.8950472
1388329,1388329,0.8922721
1653348,1653348,0.89631486
1483659,1483659,0.9058998
888137,888137,0.88362384
1383931,1383931,0.89669275
584317,584317,0.89010316
297182,297182,0.89900917
1516651,1516651,0.89507717
287372,287372,0.90177214
1660134,1660134,0.9021652
3182902,3182902,0.83095384
955614,955614,0.90021455
1164239,1164239,0.8924113
1138256,1138256,0.8906935
651897,651897,0.9026053
341631,341631,0.8955767
4202961,4202961,0.895469
752407,752407,0.90446305
2762496,2762496,0.8969436
639862,639862,0.9002385
896664,896664,0.90848815
3033844,3033844,0.8950421
550501,550501,0.89932823
419053,419053,0.89675236
356221,356221,0.8908766
917370,917370,0.8965375
972769,972769,0.9034593
300340,300340,0.8962165
503677,503677,0.88149714
737265,737265,0.8957888
730411,730411,0.90451795
1573660,1573660,0.89672697
1252932,1252932,0.90026045
90168,90168,0.900165
493251,493251,0.90283895
1275460,1275460,0.8968789
1542298,1542298,0.8990918
1344816,1344816,0.89891005
56704,56704,0.8993498
275585,275585,0.8872499
4403396,4403396,0.9012959
90958,90958,0.8472275
2878212,2878212,0.8574501
3062865,3062865,0.8991945
1101094,1101094,0.89439934
207687,207687,0.8940055
801558,801558,0.9007792
1200835,1200835,0.9202815
1220225,1220225,0.89793104
1089347,1089347,0.90376884
302072,302072,0.8927087
38884,38884,0.90023816
149552,149552,0.882236
3613825,3613825,0.90161276
115842,115842,0.89397496
1430626,1430626,0.8931294
1500289,1500289,0.88976187
1007577,1007577,0.8973045
266663,266663,0.90255415
96211,96211,0.8799298
1499333,1499333,0.90418166
1506570,1506570,0.86760616
506168,506168,0.903953
2897321,2897321,0.9041387
862640,862640,0.8952767
3228061,3228061,0.8869424
1342204,1342204,0.90042824
952326,952326,0.92116356
2829634,2829634,0.90975994
36786,36786,0.87116355
264664,264664,0.8929426
387883,387883,0.8969963
1566346,1566346,0.8992313
125154,125154,0.8951368
1373224,1373224,0.90279883
850725,850725,0.8925671
10842,10842,0.90178627
502440,502440,0.888139
3205524,3205524,0.9056907
1002162,1002162,0.9006366
1168663,1168663,0.88651264
1283386,1283386,0.8999167
4217217,4217217,0.90944874
462368,462368,0.8993128
933068,933068,0.89454466
897759,897759,0.8927969
1036711,1036711,0.9032708
1078635,1078635,0.9064544
869155,869155,0.90771264
653082,653082,0.89628756
4249023,4249023,0.9053794
451180,451180,0.8967182
1566741,1566741,0.89471406
536942,536942,0.8971001
1655817,1655817,0.8922479
2891193,2891193,0.88708955
1317950,1317950,0.8963341
434896,434896,0.9018404
2735887,2735887,0.89683384
2657707,2657707,0.900022
398340,398340,0.9106412
2982227,2982227,0.90157074
1516111,1516111,0.89347225
202918,202918,0.8842608
1135563,1135563,0.9088687
808664,808664,0.900092
3017400,3017400,0.8928805
1081589,1081589,0.8983047
428436,428436,0.9341115
1483178,1483178,0.89386743
229251,229251,0.8897875
587726,587726,0.90084225
1077182,1077182,0.89637655
194636,194636,0.14651804
4211422,4211422,0.89280695
1452392,1452392,0.8925218
473631,473631,0.8724558
4388979,4388979,0.88931024
1543771,1543771,0.8578259
1285835,1285835,0.89716715
3197996,3197996,0.67765766
803087,803087,0.88516766
1567296,1567296,0.8973889
2946156,2946156,0.890511
878590,878590,0.8978
1468373,1468373,0.9024177
1366094,1366094,0.904376
1617590,1617590,0.89044935
1247768,1247768,0.89502984
1136819,1136819,0.9010619
1676833,1676833,0.8955005
1207402,1207402,0.89972013
1708272,1708272,0.89363426
501681,501681,0.89864254
707103,707103,0.9006431
3397847,3397847,0.9047127
94682,94682,0.89716756
4257983,4257983,0.8985666
413453,413453,0.90181816
105329,105329,0.90534216
953537,953537,0.89466244
2827862,2827862,0.8985275
1173312,1173312,0.9072359
2507939,2507939,0.89579904
1035992,1035992,0.8921373
289956,289956,0.8954609
492249,492249,0.8102009
4416245,4416245,0.89645755
147016,147016,0.89189416
1066911,1066911,0.90399337
762656,762656,0.89097565
254464,254464,0.8881269
1475731,1475731,0.89950055
4202766,4202766,0.89489776
168927,168927,0.90256685
1450491,1450491,0.9016259
743692,743692,0.9014813
3126705,3126705,0.89739865
537030,537030,0.89234614
348816,348816,0.06936162
579190,579190,0.8924312
1000649,1000649,0.95407957
432231,432231,0.861671
1015031,1015031,0.9127035
2778584,2778584,0.90370965
4387962,4387962,0.90414613
1538728,1538728,0.907845
222047,222047,0.9041129
2734740,2734740,0.90180176
3617552,3617552,0.8893101
712704,712704,0.90314823
4390488,4390488,0.8998989
77205,77205,0.89232254
1097245,1097245,0.8955956
3800131,3800131,0.8959802
843809,843809,0.891987
970310,970310,0.8984309
419,419,0.9035885
64612,64612,0.87428147
13591,13591,0.90617824
2682665,2682665,0.8999312
375044,375044,0.11227635
4272893,4272893,0.90505147
745034,745034,0.88716525
2934243,2934243,0.89024
864177,864177,0.90329635
177086,177086,0.9044609
2878951,2878951,0.902222
941736,941736,0.9043011
2987523,2987523,0.8952756
1561434,1561434,0.90106463
803615,803615,0.893808
121813,121813,0.90646034
1132641,1132641,0.89999366
1672037,1672037,0.8664262
2902938,2902938,0.90389985
1061519,1061519,0.8844619
592511,592511,0.9003802
1482096,1482096,0.9045624
44339,44339,0.8959671
301698,301698,0.8857795
1526125,1526125,0.8985308
2674037,2674037,0.8726319
1136963,1136963,0.9038584
282103,282103,0.9029086
1295735,1295735,0.8894126
4261989,4261989,0.8994107
1136364,1136364,0.90409523
3215909,3215909,0.9225954
2663935,2663935,0.87911135
1334269,1334269,0.90048474
841578,841578,0.90153915
843817,843817,0.89817274
176476,176476,0.8913926
1353090,1353090,0.901401
491236,491236,0.8922448
3150073,3150073,0.8907079
1605746,1605746,0.8853618
357561,357561,0.88685375
864783,864783,0.8990119
3104052,3104052,0.89545214
520316,520316,0.891844
1076208,1076208,0.87763333
957526,957526,0.89914864
378608,378608,0.8940186
710373,710373,0.9054993
2818388,2818388,0.89565545
296586,296586,0.9033448
742085,742085,0.8831148
3009178,3009178,0.91629153
1671160,1671160,0.9019894
3115877,3115877,0.90032095
2866695,2866695,0.899081
1265715,1265715,0.90329945
765646,765646,0.9016008
433358,433358,0.90288657
1475847,1475847,0.8839854
1180939,1180939,0.8924771
1535962,1535962,0.9032812
3793935,3793935,0.8946503
2503442,2503442,0.89325976
1355934,1355934,0.8890289
1303803,1303803,0.8951169
1403377,1403377,0.904819
1053904,1053904,0.8934633
1455517,1455517,0.89970905
2905101,2905101,0.8953788
1230053,1230053,0.9041887
1252132,1252132,0.8691382
2900980,2900980,0.9049402
1152962,1152962,0.8910109
3187382,3187382,0.89594275
877325,877325,0.8829905
1199996,1199996,0.9016056
1359308,1359308,0.90155244
1425589,1425589,0.89402574
1069411,1069411,0.8945537
1277511,1277511,0.89694536
1239042,1239042,0.89203143
917128,917128,0.88999283
802032,802032,0.89239573
3407659,3407659,0.89203537
2922749,2922749,0.8955459
1517306,1517306,0.8835434
2749383,2749383,0.9029641
559138,559138,0.42415574
691381,691381,0.90526515
461209,461209,0.8875188
1537113,1537113,0.89214677
1167245,1167245,0.8923284
3061873,3061873,0.8888042
1275109,1275109,0.3524331
483051,483051,0.90703577
129111,129111,0.50008243
2729499,2729499,0.9024817
1668661,1668661,0.85525763
2741847,2741847,0.9047724
2933179,2933179,0.90847987
83300,83300,0.8858768
137973,137973,0.89633065
1339137,1339137,0.896549
1582296,1582296,0.8877698
386836,386836,0.89859414
3111309,3111309,0.9005188
345047,345047,0.9093271
1645006,1645006,0.89562595
886414,886414,0.8915207
267315,267315,0.898415
2846473,2846473,0.89760894
4258864,4258864,0.87518454
1130146,1130146,0.8877481
87818,87818,0.889414
4237763,4237763,0.90537673
2852367,2852367,0.8993423
1314523,1314523,0.9025165
3195594,3195594,0.89764744
1041705,1041705,0.6577801
524808,524808,0.8829523
1440657,1440657,0.90390176
789895,789895,0.90266216
4216401,4216401,0.9023538
3181936,3181936,0.8930888
3224071,3224071,0.9032722
637542,637542,0.89051425
1233048,1233048,0.90006685
1643651,1643651,0.90129477
857879,857879,0.9032101
1111602,1111602,0.89948595
1404123,1404123,0.89113015
2739893,2739893,0.9161674
4243496,4243496,0.8992849
725843,725843,0.896319
2948025,2948025,0.8939066
3080439,3080439,0.89121044
1540895,1540895,0.8991168
4237411,4237411,0.89489883
4219204,4219204,0.89955735
1248995,1248995,0.8813542
854311,854311,0.89307606
47226,47226,0.9005147
1284306,1284306,0.89834607
278480,278480,0.9035642
2963901,2963901,0.86490935
2830620,2830620,0.89151937
902926,902926,0.88991654
3795603,3795603,0.8897562
586816,586816,0.89945316
1020802,1020802,0.89143485
214778,214778,0.890068
1274709,1274709,0.89475745
1252589,1252589,0.90208
335040,335040,0.90639013
1200178,1200178,0.8954949
480184,480184,0.24351351
3785574,3785574,0.9038372
924759,924759,0.89383656
3201905,3201905,0.8980132
731407,731407,0.9066221
612648,612648,0.9033891
924677,924677,0.8976952
42957,42957,0.9080092
2687053,2687053,0.8994725
3202665,3202665,0.8904681
2995169,2995169,0.9004364
2987979,2987979,0.8992422
1683995,1683995,0.8693755
338380,338380,0.9011525
1642623,1642623,0.9009143
68602,68602,0.8908838
3040767,3040767,0.8887163
961823,961823,0.910746
48664,48664,0.90484285
314117,314117,0.8972247
4208611,4208611,0.9020146
1396738,1396738,0.90870655
1211526,1211526,0.89230555
1233098,1233098,0.85720676
1335585,1335585,0.9043439
108169,108169,0.89901793
3202929,3202929,0.90191007
4260822,4260822,0.90759337
737821,737821,0.89917785
2916440,2916440,0.8508194
2761175,2761175,0.89927304
834164,834164,0.8953144
1548357,1548357,0.37194875
41492,41492,0.87157166
2969085,2969085,0.90277755
970922,970922,0.8917361
1223502,1223502,0.88234293
1057364,1057364,0.8941511
1491877,1491877,0.7279312
1010271,1010271,0.93090445
1481833,1481833,0.900988
2866225,2866225,0.8929712
571885,571885,0.8934125
880837,880837,0.8915113
1540969,1540969,0.90951365
1288593,1288593,0.88710773
3182057,3182057,0.9017909
248173,248173,0.90648985
2917231,2917231,0.90427595
50431,50431,0.90633
414542,414542,0.91195637
3020288,3020288,0.9021709
1044494,1044494,0.89512897
3403904,3403904,0.9002964
2764195,2764195,0.9030203
165073,165073,0.8948398
1179595,1179595,0.90292144
3039672,3039672,0.89663357
790787,790787,0.9060058
36893,36893,0.90281147
549727,549727,0.89570576
743752,743752,0.8960458
965412,965412,0.89114416
2958289,2958289,0.90555423
1165778,1165778,0.9030911
2771618,2771618,0.9014264
180953,180953,0.89663005
242380,242380,0.8918328
1487402,1487402,0.8912618
3612747,3612747,0.8932658
906062,906062,0.8995372
4199163,4199163,0.90302885
1645506,1645506,0.88925034
3215139,3215139,0.8857626
359191,359191,0.8914268
574750,574750,0.88573194
3007717,3007717,0.90261495
3052831,3052831,0.9010468
1174336,1174336,0.9029513
1313845,1313845,0.8985258
306528,306528,0.92777467
1499080,1499080,0.894269
2673138,2673138,0.8978425
700146,700146,0.886073
1253465,1253465,0.9159881
1576781,1576781,0.8891965
1115553,1115553,0.897282
2504112,2504112,0.8979579
1559834,1559834,0.8888173
1351265,1351265,0.84159935
4403913,4403913,0.9052543
954280,954280,0.90110373
436437,436437,0.88902813
317874,317874,0.90625167
881006,881006,0.90278655
784845,784845,0.9013247
1387228,1387228,0.88711846
1138263,1138263,0.911666
2932970,2932970,0.90282166
2682566,2682566,0.90175086
1588453,1588453,0.17133144
564090,564090,0.89331204
2932877,2932877,0.90252423
1037116,1037116,0.8935835
3221546,3221546,0.8900216
3045303,3045303,0.891667
104334,104334,0.9072109
2835713,2835713,0.90271693
81390,81390,0.90312034
507638,507638,0.8972121
1217115,1217115,0.8984343
1335900,1335900,0.8899207
440042,440042,0.89196444
80326,80326,0.9044533
2966889,2966889,0.8757632
1561831,1561831,0.8979137
3014690,3014690,0.8658731
1146276,1146276,0.90285546
848308,848308,0.89498246
3049413,3049413,0.8685867
4390823,4390823,0.8988112
4408216,4408216,0.88972515
3092480,3092480,0.90970427
430655,430655,0.8962576
2822740,2822740,0.9030946
573694,573694,0.8982718
4408041,4408041,0.8768388
3801449,3801449,0.90047914
637025,637025,0.88617414
617814,617814,0.91410697
1300734,1300734,0.8979735
552541,552541,0.89343625
1533968,1533968,0.88704395
3211621,3211621,0.8917073
4242078,4242078,0.8937041
1313150,1313150,0.8941228
849540,849540,0.82616895
796541,796541,0.8978738
742184,742184,0.90032053
1234312,1234312,0.9058114
109979,109979,0.9009219
4235191,4235191,0.9064242
134966,134966,0.8911148
791909,791909,0.905834
1159087,1159087,0.8934471
770556,770556,0.905368
1650163,1650163,0.8861665
1621565,1621565,0.9158387
2933085,2933085,0.9085022
1448553,1448553,0.8925533
1609725,1609725,0.89588743
906278,906278,0.8922723
711691,711691,0.9008753
1404459,1404459,0.8897476
1345097,1345097,0.89324677
1443513,1443513,0.89616823
2857194,2857194,0.90725267
791374,791374,0.8992106
970422,970422,0.90635675
476638,476638,0.8954911
1251150,1251150,0.8934645
290182,290182,0.90395933
2941106,2941106,0.9019688
1186525,1186525,0.89196944
2680769,2680769,0.8957581
349686,349686,0.9067842
152238,152238,0.90020967
86101,86101,0.8993489
2865694,2865694,0.8943701
1151298,1151298,0.89899975
1064230,1064230,0.9026215
1435382,1435382,0.8925247
3089190,3089190,0.89502007
1510718,1510718,0.90289533
647894,647894,0.8991651
3393482,3393482,0.9114356
341603,341603,0.88988936
2852418,2852418,0.89974415
4270917,4270917,0.9077131
307747,307747,0.8928191
1297325,1297325,0.89992833
1043788,1043788,0.8964536
584978,584978,0.9263101
1272358,1272358,0.85884964
2877190,2877190,0.87226397
70026,70026,0.8907312
776296,776296,0.8888918
400737,400737,0.9048782
2672483,2672483,0.9056523
1580119,1580119,0.9070625
499441,499441,0.903988
120523,120523,0.894759
3622709,3622709,0.8911554
410572,410572,0.8945714
2894493,2894493,0.9044853
212742,212742,0.88948035
2669167,2669167,0.90195036
1415173,1415173,0.8823099
2743864,2743864,0.89989424
204852,204852,0.9053704
566781,566781,0.89015603
354624,354624,0.93604624
693562,693562,0.9034992
27752,27752,0.8978646
391644,391644,0.8966239
1181285,1181285,0.89654416
693690,693690,0.89005667
211240,211240,0.8803346
1069115,1069115,0.89892536
344449,344449,0.90080684
4214242,4214242,0.8907541
647643,647643,0.8929607
418906,418906,0.8917969
979119,979119,0.8871357
1293225,1293225,0.8931165
193409,193409,0.89464056
817166,817166,0.89699477
1609817,1609817,0.89722365
1513850,1513850,0.8967673
64552,64552,0.88855237
634871,634871,0.8948666
3619275,3619275,0.90466446
4238341,4238341,0.8963343
325018,325018,0.89983344
688347,688347,0.8930329
1670954,1670954,0.89798695
3631658,3631658,0.15973257
862549,862549,0.7630995
1648326,1648326,0.89333105
2991065,2991065,0.88791096
3206956,3206956,0.905874
2940124,2940124,0.8899483
2834496,2834496,0.90375715
1288004,1288004,0.9124984
1490255,1490255,0.9042119
872510,872510,0.78350323
470682,470682,0.87745625
1123825,1123825,0.8892589
1068792,1068792,0.87994564
3806,3806,0.8987267
2909262,2909262,0.8991994
2936445,2936445,0.9038235
372935,372935,0.91032493
24159,24159,0.8969219
339026,339026,0.89863247
820648,820648,0.89471143
917841,917841,0.8907809
1454993,1454993,0.89360374
257125,257125,0.9051972
4257330,4257330,0.8938158
1148404,1148404,0.8978914
3053959,3053959,0.902473
1405713,1405713,0.8880677
1608559,1608559,0.92705774
514282,514282,0.90217215
848463,848463,0.8927776
1263532,1263532,0.8889167
1268997,1268997,0.89431316
3115902,3115902,0.89807945
1149321,1149321,0.89705527
271434,271434,0.70423406
852,852,0.89118665
3399961,3399961,0.8931817
2770171,2770171,0.9073361
336482,336482,0.9003738
3216145,3216145,0.89230347
345609,345609,0.88337827
90403,90403,0.86563224
1446650,1446650,0.89672554
1190997,1190997,0.90302217
4270593,4270593,0.8899905
2908552,2908552,0.89243037
1615809,1615809,0.90435773
28843,28843,0.9044776
3397943,3397943,0.507182
1147962,1147962,0.89873004
17956,17956,0.87678456
1151409,1151409,0.88608795
3060268,3060268,0.90420556
2909678,2909678,0.89891297
3134006,3134006,0.8218369
1190251,1190251,0.9037259
3408131,3408131,0.888959
1072198,1072198,0.905695
1303047,1303047,0.89233696
314164,314164,0.90168816
48690,48690,0.8815306
3082153,3082153,0.85950446
1675870,1675870,0.9180196
1545703,1545703,0.8973359
147133,147133,0.91008884
907670,907670,0.5713164
1032377,1032377,0.917498
3027961,3027961,0.89373744
17957,17957,0.8927292
1255631,1255631,0.8826624
1257095,1257095,0.9042547
844412,844412,0.90973675
298804,298804,0.8994893
123506,123506,0.9066299
2867910,2867910,0.9009349
2831072,2831072,0.8979736
966721,966721,0.9023844
1060647,1060647,0.89974904
1173174,1173174,0.88695925
243317,243317,0.18906952
868737,868737,0.8923871
336291,336291,0.88592654
1356806,1356806,0.9034301
338940,338940,0.90302944
2833367,2833367,0.92072
626947,626947,0.8977225
802443,802443,0.8999957
2761867,2761867,0.89681935
43674,43674,0.89317816
4392891,4392891,0.89954567
966530,966530,0.8340691
1153990,1153990,0.9007942
2659447,2659447,0.21670341
1582469,1582469,0.88537186
1011818,1011818,0.8876014
95685,95685,0.8802782
1521909,1521909,0.9045244
3012553,3012553,0.906899
1018806,1018806,0.8932953
1410103,1410103,0.90118235
678545,678545,0.9036775
3227150,3227150,0.8897841
234882,234882,0.8900597
4204258,4204258,0.89430624
927077,927077,0.9050932
2660599,2660599,0.9038855
829474,829474,0.8900835
1028731,1028731,0.8938239
1301741,1301741,0.9035256
916943,916943,0.8875239
3170612,3170612,0.88901174
377644,377644,0.9050125
135480,135480,0.90440756
341235,341235,0.9012677
904430,904430,0.90695715
3218698,3218698,0.8936697
4197661,4197661,0.84585494
3153910,3153910,0.8904192
1457925,1457925,0.89443165
1622449,1622449,0.90110826
1508718,1508718,0.8871115
2659678,2659678,0.90607
537699,537699,0.9058574
2513107,2513107,0.9050195
1372556,1372556,0.90092236
4267042,4267042,0.90637815
276647,276647,0.8914739
1413708,1413708,0.90585876
1633380,1633380,0.10806556
335956,335956,0.9009256
1676229,1676229,0.9000884
1039723,1039723,0.9005471
4202947,4202947,0.89575666
645718,645718,0.896351
4196408,4196408,0.8892432
165726,165726,0.900323
1171895,1171895,0.9096893
307304,307304,0.8997381
1146609,1146609,0.898969
1058808,1058808,0.9028548
1296713,1296713,0.8892192
632858,632858,0.8965515
198103,198103,0.89343256
1263163,1263163,0.9039994
1565741,1565741,0.8985403
345503,345503,0.8927829
393270,393270,0.8983356
167448,167448,0.8863102
213728,213728,0.9041163
1106437,1106437,0.90168846
2668501,2668501,0.89984286
1242624,1242624,0.88801587
225885,225885,0.89238137
1229152,1229152,0.88686776
2757379,2757379,0.90080416
1241556,1241556,0.8910859
696569,696569,0.09964967
2967790,2967790,0.8981153
1216954,1216954,0.89992833
1486683,1486683,0.8912727
418400,418400,0.8936666
196750,196750,0.90127265
179051,179051,0.9011045
647706,647706,0.8938507
3016420,3016420,0.8934042
1101809,1101809,0.90035504
894407,894407,0.8879571
1239104,1239104,0.90167934
227747,227747,0.8827564
323029,323029,0.9033919
955668,955668,0.9001703
961673,961673,0.86413956
795472,795472,0.079122014
217516,217516,0.8938224
3795803,3795803,0.8904766
1320283,1320283,0.8970955
4213280,4213280,0.88940203
610647,610647,0.89689845
203215,203215,0.8824632
1240717,1240717,0.88770443
83123,83123,0.9003536
1294719,1294719,0.23686238
4401728,4401728,0.8978675
3175370,3175370,0.9024602
204899,204899,0.9040671
1528965,1528965,0.9002271
1487964,1487964,0.8939507
56167,56167,0.90644586
1675163,1675163,0.908124
822116,822116,0.89640385
75903,75903,0.9018158
1422997,1422997,0.8831626
483057,483057,0.89510185
903238,903238,0.898644
1546882,1546882,0.90206796
354763,354763,0.89454657
61770,61770,0.90150213
1143508,1143508,0.8928835
1259865,1259865,0.8936548
940769,940769,0.08268924
1091506,1091506,0.91513205
215935,215935,0.8980738
2532790,2532790,0.9158042
1203019,1203019,0.9008197
750821,750821,0.9034234
1417269,1417269,0.8993764
33310,33310,0.89273715
3072459,3072459,0.9016679
414447,414447,0.8920258
1195080,1195080,0.89306825
2763079,2763079,0.89321375
752724,752724,0.8939622
1684037,1684037,0.8911897
1169575,1169575,0.90417624
1576629,1576629,0.9020866
1106182,1106182,0.89993817
44824,44824,0.88988066
641516,641516,0.8904172
3183422,3183422,0.8979636
625460,625460,0.88861394
3183362,3183362,0.8909341
570831,570831,0.38865867
2532572,2532572,0.9002097
3153325,3153325,0.92148125
73350,73350,0.9032848
1011841,1011841,0.7946392
806738,806738,0.90060997
1283919,1283919,0.90075123
2681228,2681228,0.90169233
775281,775281,0.8930409
1558312,1558312,0.9115196
1488450,1488450,0.88628167
341350,341350,0.8940693
218228,218228,0.8717123
390994,390994,0.87248886
3021654,3021654,0.9052136
2996410,2996410,0.16497299
340060,340060,0.89163405
329364,329364,0.90338916
3141103,3141103,0.89721674
494540,494540,0.8994848
385105,385105,0.8950136
1481466,1481466,0.90323734
921158,921158,0.8919344
3080563,3080563,0.90983415
974474,974474,0.92924905
17721,17721,0.89816934
3626215,3626215,0.90382564
79571,79571,0.9003826
854104,854104,0.87843895
930342,930342,0.8912399
1480923,1480923,0.8991832
446586,446586,0.905524
150335,150335,0.89641315
1110867,1110867,0.89889127
2953120,2953120,0.89257795
4234948,4234948,0.9096274
1362167,1362167,0.8987493
780460,780460,0.8939883
1094508,1094508,0.8855687
1064849,1064849,0.8824776
3064833,3064833,0.8987244
1533592,1533592,0.89013696
949124,949124,0.8980353
3620509,3620509,0.80526227
806972,806972,0.89643466
238501,238501,0.88600886
4410456,4410456,0.8950904
73566,73566,0.1373912
3020593,3020593,0.90592724
376861,376861,0.8992781
4237996,4237996,0.8862988
1164391,1164391,0.8955726
4250621,4250621,0.9006406
1290590,1290590,0.89834076
100878,100878,0.8884408
3126159,3126159,0.89165235
2963779,2963779,0.89627963
883805,883805,0.88488454
1349152,1349152,0.89999795
307029,307029,0.85241765
144055,144055,0.8818285
981540,981540,0.86800617
4246921,4246921,0.90303546
1423554,1423554,0.88696986
1265290,1265290,0.8956328
348081,348081,0.9041159
1480196,1480196,0.89977205
939176,939176,0.8652985
1280001,1280001,0.26562428
106602,106602,0.85765284
678378,678378,0.91163886
1196886,1196886,0.906471
746118,746118,0.88133407
982098,982098,0.9085533
485989,485989,0.8904476
839749,839749,0.9005388
1386200,1386200,0.8928184
496592,496592,0.89717937
2923658,2923658,0.9026597
894383,894383,0.8996146
1008542,1008542,0.8985807
3124571,3124571,0.8878412
1353089,1353089,0.88969845
857536,857536,0.8978383
1576338,1576338,0.884645
2866119,2866119,0.891113
4244876,4244876,0.891753
2656291,2656291,0.8986673
1206599,1206599,0.89367867
559241,559241,0.9053237
941023,941023,0.8881979
3414579,3414579,0.8937736
372080,372080,0.8881566
500352,500352,0.89865553
493000,493000,0.91123646
648343,648343,0.9002113
984168,984168,0.8992821
3010005,3010005,0.89359653
2835283,2835283,0.9108045
862632,862632,0.9053575
2904538,2904538,0.9109527
909057,909057,0.90009093
4215847,4215847,0.91018087
1390474,1390474,0.90311754
634064,634064,0.9011594
3211815,3211815,0.9037628
1061550,1061550,0.889824
696148,696148,0.89241004
1251302,1251302,0.8947641
2880458,2880458,0.88953626
493459,493459,0.90902835
3024232,3024232,0.89968246
310986,310986,0.89979404
1328318,1328318,0.8846384
654446,654446,0.8998307
955611,955611,0.9045673
2777381,2777381,0.89957994
1539377,1539377,0.9122369
1540937,1540937,0.89758474
277335,277335,0.88069844
92845,92845,0.8934085
2906529,2906529,0.9070601
1195702,1195702,0.8877752
3214488,3214488,0.88569295
2943078,2943078,0.8958634
3144027,3144027,0.89821666
1322875,1322875,0.94016635
1444908,1444908,0.9042057
2877629,2877629,0.891335
1046420,1046420,0.8925125
460238,460238,0.9025858
1367436,1367436,0.9027369
257988,257988,0.9034925
4271454,4271454,0.88977253
3130329,3130329,0.9008505
1108179,1108179,0.89548737
274214,274214,0.88111717
1535909,1535909,0.8936949
1536934,1536934,0.8877403
1475257,1475257,0.8941954
1423881,1423881,0.89651805
1478302,1478302,0.9048352
1480233,1480233,0.90299076
2890607,2890607,0.34642053
338184,338184,0.89378774
865423,865423,0.9029304
1176923,1176923,0.9000377
1630328,1630328,0.90609443
4276051,4276051,0.9026676
2922511,2922511,0.90370923
3070199,3070199,0.8920833
3191672,3191672,0.8907406
198957,198957,0.90156364
863433,863433,0.893419
1093100,1093100,0.8999385
772548,772548,0.8993676
3027274,3027274,0.9028141
4205885,4205885,0.8900993
409166,409166,0.9032631
651611,651611,0.89473015
1505713,1505713,0.9137461
3098953,3098953,0.89492184
1536722,1536722,0.89232606
47723,47723,0.8967995
4253268,4253268,0.8899955
630310,630310,0.89685524
1384518,1384518,0.88344854
2677932,2677932,0.90886605
522110,522110,0.89164937
1559062,1559062,0.90582585
208719,208719,0.90461636
1355986,1355986,0.90128857
1099100,1099100,0.882511
883755,883755,0.89516544
1113083,1113083,0.9088168
3043904,3043904,0.89504606
3097960,3097960,0.8999751
404979,404979,0.90377206
4387276,4387276,0.9022753
1400299,1400299,0.6290057
1622766,1622766,0.89983547
977475,977475,0.89501876
7370,7370,0.8923554
1045267,1045267,0.8932064
296373,296373,0.88612056
2672245,2672245,0.90295744
1550541,1550541,0.89225274
942064,942064,0.8897347
799801,799801,0.9291111
1064607,1064607,0.91521347
578428,578428,0.93867964
336101,336101,0.89562553
3179829,3179829,0.8928025
242336,242336,0.9113967
1179040,1179040,0.9000316
1008860,1008860,0.89554286
1618321,1618321,0.89052
3093753,3093753,0.90252936
1251339,1251339,0.9069669
965204,965204,0.89610374
3121908,3121908,0.78670186
1556377,1556377,0.89778703
1533182,1533182,0.88638633
3400463,3400463,0.89183867
2771034,2771034,0.8984229
3179791,3179791,0.88786453
1656710,1656710,0.90478146
95578,95578,0.9019191
60095,60095,0.8897224
125785,125785,0.89060664
772844,772844,0.9016005
668247,668247,0.89129263
1089684,1089684,0.89691293
3135266,3135266,0.90399575
4275723,4275723,0.9019004
1073609,1073609,0.9047753
282413,282413,0.9036923
1409092,1409092,0.90526295
1475333,1475333,0.96828
1578441,1578441,0.9053488
251111,251111,0.88203084
1489984,1489984,0.9074094
3188577,3188577,0.90055144
490080,490080,0.8818954
827121,827121,0.8977107
1629137,1629137,0.9007729
1162577,1162577,0.89974463
3101864,3101864,0.89584255
998012,998012,0.8938379
364014,364014,0.8890598
1625104,1625104,0.9002307
702050,702050,0.89992255
1112114,1112114,0.89360875
1045337,1045337,0.8943288
1355703,1355703,0.89265734
1557873,1557873,0.88942
2838919,2838919,0.89176226
3205485,3205485,0.907085
905213,905213,0.90454865
609679,609679,0.8954384
1556860,1556860,0.91158575
1002915,1002915,0.8922442
1353480,1353480,0.9050831
620806,620806,0.8923029
231031,231031,0.89335746
230084,230084,0.9344733
188075,188075,0.8898163
1509429,1509429,0.9063382
437497,437497,0.8950743
1585843,1585843,0.9077792
535526,535526,0.90339226
348761,348761,0.88389134
4403306,4403306,0.8927623
864687,864687,0.89223737
669745,669745,0.90204006
906343,906343,0.8907946
2767231,2767231,0.90703833
1439526,1439526,0.89140576
1254753,1254753,0.89091575
2754722,2754722,0.8939104
3007381,3007381,0.9027765
1541965,1541965,0.9097413
580205,580205,0.35968927
4392200,4392200,0.8989458
1317912,1317912,0.89992666
4276183,4276183,0.9127524
101015,101015,0.9015409
1244867,1244867,0.9003449
1478323,1478323,0.9012593
893105,893105,0.90046716
743881,743881,0.9010023
3144152,3144152,0.89665025
1335616,1335616,0.9054436
405334,405334,0.8866335
1603853,1603853,0.8983502
4233816,4233816,0.89464235
402861,402861,0.8815872
3126488,3126488,0.8919463
321649,321649,0.8991238
1296623,1296623,0.8907168
512469,512469,0.8999987
1251899,1251899,0.91847515
203482,203482,0.89860356
2740829,2740829,0.8949863
3117808,3117808,0.9267158
46612,46612,0.8953792
4196193,4196193,0.89504355
371980,371980,0.9198778
3029249,3029249,0.9040011
210295,210295,0.87981033
2956160,2956160,0.8975676
2985754,2985754,0.8938332
1400670,1400670,0.904749
1302384,1302384,0.9162143
931087,931087,0.9116104
3094627,3094627,0.89721334
434158,434158,0.9035853
3137276,3137276,0.9082761
2941329,2941329,0.9059814
1048209,1048209,0.9047345
579462,579462,0.9029655
3139302,3139302,0.9031827
1440690,1440690,0.8931694
2766719,2766719,0.896276
632268,632268,0.91243035
2501033,2501033,0.9063755
1097244,1097244,0.9019003
2503735,2503735,0.91511106
3399393,3399393,0.9018686
3801878,3801878,0.9052034
3177105,3177105,0.89705616
355871,355871,0.9034261
898001,898001,0.90639627
3139304,3139304,0.8956861
3401766,3401766,0.89974666
590630,590630,0.90846294
512610,512610,0.9035516
503001,503001,0.94308794
2655354,2655354,0.89556015
2977630,2977630,0.7942889
2876563,2876563,0.9012413
636220,636220,0.89507043
2984278,2984278,0.90392834
159708,159708,0.89349824
3151020,3151020,0.9034205
2740011,2740011,0.9062136
210865,210865,0.90302956
1459175,1459175,0.905604
795649,795649,0.8987561
992922,992922,0.9004721
1291248,1291248,0.8829664
115721,115721,0.9130334
147059,147059,0.89789045
953378,953378,0.9368268
2980325,2980325,0.8899857
3053445,3053445,0.9018805
4406287,4406287,0.91133046
2670712,2670712,0.8970889
92971,92971,0.09058214
3175825,3175825,0.8954794
2769458,2769458,0.8919556
474396,474396,0.90816545
320955,320955,0.91700625
3073072,3073072,0.89781845
763678,763678,0.90378344
3141544,3141544,0.90659326
889939,889939,0.9384056
3785216,3785216,0.9024522
4249365,4249365,0.9172514
3020202,3020202,0.926905
4215819,4215819,0.90274876
1632055,1632055,0.91893744
2885477,2885477,0.88789254
190264,190264,0.8772019
1573633,1573633,0.89651525
1656106,1656106,0.9262775
531590,531590,0.896381
851785,851785,0.893147
202345,202345,0.9018036
3010142,3010142,0.9118127
3096754,3096754,0.8887397
2885891,2885891,0.8979912
944678,944678,0.9029593
169371,169371,0.91567683
424846,424846,0.9069332
07365_hr,07365_hr,0.042203974
15464_hr,15464_hr,0.03175531
07369_hr,07369_hr,0.040306658
18162_hr,18162_hr,0.20051359
11768_hr,11768_hr,0.043632057
13971_hr,13971_hr,0.03997206
01784_hr,01784_hr,0.14010939
17395_hr,17395_hr,0.033606894
09512_hr,09512_hr,0.034809995
07560_hr,07560_hr,0.037745096
09154_hr,09154_hr,0.23248765
03276_hr,03276_hr,0.038044784
16300_hr,16300_hr,0.038684417
06199_hr,06199_hr,0.105044425
04770_hr,04770_hr,0.050198197
00333_hr,00333_hr,0.037321534
16778_hr,16778_hr,0.034580793
07681_hr,07681_hr,0.05388404
09820_hr,09820_hr,0.031887952
10106_hr,10106_hr,0.038252514
01852_hr,01852_hr,0.031449992
20238_hr,20238_hr,0.043259587
00378_hr,00378_hr,0.099175245
13004_hr,13004_hr,0.04408411
10490_hr,10490_hr,0.8167833
21805_hr,21805_hr,0.04237472
08611_hr,08611_hr,0.8364048
01057_hr,01057_hr,0.046045035
11396_hr,11396_hr,0.042740785
09571_hr,09571_hr,0.03714311
07498_hr,07498_hr,0.032042295
13396_hr,13396_hr,0.03205183
19629_hr,19629_hr,0.13119775
08550_hr,08550_hr,0.03397543
10184_hr,10184_hr,0.4715847
17660_hr,17660_hr,0.77636474
18442_hr,18442_hr,0.72710526
12830_hr,12830_hr,0.04630762
21705_hr,21705_hr,0.031851828
18855_hr,18855_hr,0.032415956
04537_hr,04537_hr,0.11879452
07761_hr,07761_hr,0.037910797
00745_hr,00745_hr,0.07908919
21791_hr,21791_hr,0.030884355
18051_hr,18051_hr,0.032938343
10710_hr,10710_hr,0.03370188
07113_hr,07113_hr,0.039440177
07909_hr,07909_hr,0.07670116
08506_hr,08506_hr,0.03752521
04224_hr,04224_hr,0.03223267
19097_hr,19097_hr,0.040308096
05377_hr,05377_hr,0.5593446
02356_hr,02356_hr,0.034533154
19742_hr,19742_hr,0.81990653
10664_hr,10664_hr,0.037785012
02754_hr,02754_hr,0.044538055
00737_hr,00737_hr,0.036684923
15066_hr,15066_hr,0.029359212
16819_hr,16819_hr,0.080085285
02153_hr,02153_hr,0.033184398
21093_hr,21093_hr,0.2550355
19864_hr,19864_hr,0.73452204
13386_hr,13386_hr,0.057388887
20572_hr,20572_hr,0.8833628
10283_hr,10283_hr,0.035607565
18523_hr,18523_hr,0.808303
15738_hr,15738_hr,0.09119526
08515_hr,08515_hr,0.13305764
16745_hr,16745_hr,0.033398613
05053_hr,05053_hr,0.06863649
18300_hr,18300_hr,0.043845158
11408_hr,11408_hr,0.042126212
15300_hr,15300_hr,0.11220783
18244_hr,18244_hr,0.18688841
18113_hr,18113_hr,0.038296096
09887_hr,09887_hr,0.054636184
12532_hr,12532_hr,0.88088554
09437_hr,09437_hr,0.042108994
10236_hr,10236_hr,0.041219454
08200_hr,08200_hr,0.030195503
03262_hr,03262_hr,0.06964815
00450_hr,00450_hr,0.09685412
04200_hr,04200_hr,0.05901588
07821_hr,07821_hr,0.031712007
11234_hr,11234_hr,0.033738907
09458_hr,09458_hr,0.05329544
16661_hr,16661_hr,0.05250356
05908_hr,05908_hr,0.8703215
09026_hr,09026_hr,0.4279299
19893_hr,19893_hr,0.039494384
11029_hr,11029_hr,0.08138064
13786_hr,13786_hr,0.035665378
04251_hr,04251_hr,0.038269892
04194_hr,04194_hr,0.043890778
04187_hr,04187_hr,0.34667653
21825_hr,21825_hr,0.31365985
08115_hr,08115_hr,0.17785546
19921_hr,19921_hr,0.05627474
14477_hr,14477_hr,0.035931412
03405_hr,03405_hr,0.064958416
08680_hr,08680_hr,0.8770378
02554_hr,02554_hr,0.03017883
20762_hr,20762_hr,0.037067287
07587_hr,07587_hr,0.066711955
00221_hr,00221_hr,0.76999575
11859_hr,11859_hr,0.040506877
16384_hr,16384_hr,0.21386617
15337_hr,15337_hr,0.07982685
10235_hr,10235_hr,0.033372987
21541_hr,21541_hr,0.8400027
04283_hr,04283_hr,0.059458017
16995_hr,16995_hr,0.89308697
19834_hr,19834_hr,0.03414005
02277_hr,02277_hr,0.038362846
08481_hr,08481_hr,0.037360452
06781_hr,06781_hr,0.76605695
03631_hr,03631_hr,0.03592626
21110_hr,21110_hr,0.031425253
04682_hr,04682_hr,0.27553555
13545_hr,13545_hr,0.04401189
09288_hr,09288_hr,0.066848844
17691_hr,17691_hr,0.10447436
01514_hr,01514_hr,0.043049727
11571_hr,11571_hr,0.33669403
06859_hr,06859_hr,0.029345116
01348_hr,01348_hr,0.06261564
07880_hr,07880_hr,0.05245016
09623_hr,09623_hr,0.04432489
15906_hr,15906_hr,0.108318135
16049_hr,16049_hr,0.84371275
04564_hr,04564_hr,0.035834998
15505_hr,15505_hr,0.30847704
11226_hr,11226_hr,0.06320522
01394_hr,01394_hr,0.04904295
19116_hr,19116_hr,0.043583125
17456_hr,17456_hr,0.04821181
03962_hr,03962_hr,0.03895858
08395_hr,08395_hr,0.03355349
18519_hr,18519_hr,0.034817822
00262_hr,00262_hr,0.032174725
00511_hr,00511_hr,0.30353674
02630_hr,02630_hr,0.03924512
10572_hr,10572_hr,0.03077786
01839_hr,01839_hr,0.031586
07885_hr,07885_hr,0.04289269
13287_hr,13287_hr,0.075911194
05746_hr,05746_hr,0.061283786
21466_hr,21466_hr,0.78368455
09380_hr,09380_hr,0.032390308
18501_hr,18501_hr,0.10513853
06061_hr,06061_hr,0.037521563
18253_hr,18253_hr,0.05016056
12412_hr,12412_hr,0.0452577
03925_hr,03925_hr,0.04011366
05382_hr,05382_hr,0.094276875
07214_hr,07214_hr,0.038480047
16928_hr,16928_hr,0.05688168
13379_hr,13379_hr,0.04206386
02171_hr,02171_hr,0.04347024
19407_hr,19407_hr,0.038521647
06682_hr,06682_hr,0.10667502
12751_hr,12751_hr,0.032430053
06417_hr,06417_hr,0.29787004
19537_hr,19537_hr,0.8362245
05524_hr,05524_hr,0.039121207
10772_hr,10772_hr,0.112071715
05769_hr,05769_hr,0.33018336
14322_hr,14322_hr,0.04485251
10941_hr,10941_hr,0.09158412
09346_hr,09346_hr,0.035429742
18546_hr,18546_hr,0.039867874
20721_hr,20721_hr,0.050852425
04393_hr,04393_hr,0.036333907
02936_hr,02936_hr,0.052604184
01342_hr,01342_hr,0.043234017
06094_hr,06094_hr,0.035292976
02891_hr,02891_hr,0.030216705
11308_hr,11308_hr,0.06814873
14678_hr,14678_hr,0.88911164
03170_hr,03170_hr,0.032004688
11204_hr,11204_hr,0.901828
20374_hr,20374_hr,0.25464225
13676_hr,13676_hr,0.8868238
09598_hr,09598_hr,0.051038332
09556_hr,09556_hr,0.061050724
18315_hr,18315_hr,0.04058321
18526_hr,18526_hr,0.04956023
20536_hr,20536_hr,0.118845396
05188_hr,05188_hr,0.035870593
10297_hr,10297_hr,0.036901135
11728_hr,11728_hr,0.063331254
19638_hr,19638_hr,0.09068156
10570_hr,10570_hr,0.035919454
20385_hr,20385_hr,0.2096395
06227_hr,06227_hr,0.6454769
19899_hr,19899_hr,0.042603213
21822_hr,21822_hr,0.80226576
18491_hr,18491_hr,0.035640575
00413_hr,00413_hr,0.035523325
00913_hr,00913_hr,0.039170027
19667_hr,19667_hr,0.03291723
17525_hr,17525_hr,0.03977679
12912_hr,12912_hr,0.047806144
16879_hr,16879_hr,0.9011188
07025_hr,07025_hr,0.26085564
05961_hr,05961_hr,0.03404237
00890_hr,00890_hr,0.86486113
13271_hr,13271_hr,0.034133777
17181_hr,17181_hr,0.04327773
13381_hr,13381_hr,0.0343112
10930_hr,10930_hr,0.06636201
08740_hr,08740_hr,0.031449154
09895_hr,09895_hr,0.48097435
17097_hr,17097_hr,0.033263765
00100_hr,00100_hr,0.033760775
18806_hr,18806_hr,0.031482816
01009_hr,01009_hr,0.03672945
09393_hr,09393_hr,0.04831441
07963_hr,07963_hr,0.032623716
15009_hr,15009_hr,0.16709259
01120_hr,01120_hr,0.04480363
02685_hr,02685_hr,0.036965203
21549_hr,21549_hr,0.050876066
13531_hr,13531_hr,0.05749094
15907_hr,15907_hr,0.060786266
03192_hr,03192_hr,0.033481497
12544_hr,12544_hr,0.0347628
15867_hr,15867_hr,0.8699641
20267_hr,20267_hr,0.118869066
15518_hr,15518_hr,0.8761276
11240_hr,11240_hr,0.041577257
04908_hr,04908_hr,0.07555736
09493_hr,09493_hr,0.040009886
03889_hr,03889_hr,0.052905686
02832_hr,02832_hr,0.120594144
19186_hr,19186_hr,0.034981053
01077_hr,01077_hr,0.8947001
02251_hr,02251_hr,0.07126636
20921_hr,20921_hr,0.03463399
11454_hr,11454_hr,0.3327653
03106_hr,03106_hr,0.08812371
14928_hr,14928_hr,0.03701223
18015_hr,18015_hr,0.032647725
00840_hr,00840_hr,0.033094667
12313_hr,12313_hr,0.030803427
00434_hr,00434_hr,0.03243224
07485_hr,07485_hr,0.041285716
01817_hr,01817_hr,0.04195117
03181_hr,03181_hr,0.07546921
16711_hr,16711_hr,0.4239697
05201_hr,05201_hr,0.05157798
11301_hr,11301_hr,0.037852835
04896_hr,04896_hr,0.20820935
20803_hr,20803_hr,0.8676694
05336_hr,05336_hr,0.112218566
02276_hr,02276_hr,0.03935319
08280_hr,08280_hr,0.21762599
13057_hr,13057_hr,0.22183333
05540_hr,05540_hr,0.8832943
02053_hr,02053_hr,0.03229812
04680_hr,04680_hr,0.05329608
06653_hr,06653_hr,0.036547516
12324_hr,12324_hr,0.813226
09968_hr,09968_hr,0.053276937
16715_hr,16715_hr,0.89801097
16117_hr,16117_hr,0.2103794
00054_hr,00054_hr,0.032839462
15961_hr,15961_hr,0.053063516
01158_hr,01158_hr,0.05369758
13664_hr,13664_hr,0.82643455
18028_hr,18028_hr,0.033123992
21112_hr,21112_hr,0.042856656
06297_hr,06297_hr,0.046165954
07712_hr,07712_hr,0.03374834
10742_hr,10742_hr,0.03722413
13573_hr,13573_hr,0.71189034
14572_hr,14572_hr,0.03370471
02534_hr,02534_hr,0.85189503
02510_hr,02510_hr,0.03667067
21452_hr,21452_hr,0.047687277
05140_hr,05140_hr,0.05824816
12950_hr,12950_hr,0.31988904
20180_hr,20180_hr,0.066731356
09607_hr,09607_hr,0.05259287
14223_hr,14223_hr,0.10856369
08431_hr,08431_hr,0.035166755
20934_hr,20934_hr,0.032775037
14791_hr,14791_hr,0.12822422
10179_hr,10179_hr,0.11156136
11046_hr,11046_hr,0.27709776
18216_hr,18216_hr,0.12394999
05708_hr,05708_hr,0.12701623
04609_hr,04609_hr,0.03231886
08027_hr,08027_hr,0.6993213
10215_hr,10215_hr,0.0406153
20425_hr,20425_hr,0.36326
09211_hr,09211_hr,0.88539076
19404_hr,19404_hr,0.8400181
21590_hr,21590_hr,0.73259026
21235_hr,21235_hr,0.03534677
11519_hr,11519_hr,0.03511119
20957_hr,20957_hr,0.06153387
06019_hr,06019_hr,0.04505189
08869_hr,08869_hr,0.038762152
01168_hr,01168_hr,0.04211133
03913_hr,03913_hr,0.047958266
19873_hr,19873_hr,0.070432976
06328_hr,06328_hr,0.042923737
02693_hr,02693_hr,0.1487952
16623_hr,16623_hr,0.31376097
01666_hr,01666_hr,0.054662235
12537_hr,12537_hr,0.2529425
12217_hr,12217_hr,0.1195084
18069_hr,18069_hr,0.030717708
11885_hr,11885_hr,0.05234294
15908_hr,15908_hr,0.03870721
07442_hr,07442_hr,0.033901703
05165_hr,05165_hr,0.039230756
17694_hr,17694_hr,0.062299117
09481_hr,09481_hr,0.058152996
01992_hr,01992_hr,0.20499142
11819_hr,11819_hr,0.21337979
04901_hr,04901_hr,0.46214518
05988_hr,05988_hr,0.27754503
14023_hr,14023_hr,0.02947183
15210_hr,15210_hr,0.032761242
19790_hr,19790_hr,0.27819207
12029_hr,12029_hr,0.03485607
04578_hr,04578_hr,0.7844403
04952_hr,04952_hr,0.09048012
12578_hr,12578_hr,0.03247781
08286_hr,08286_hr,0.08025243
09304_hr,09304_hr,0.12058871
18922_hr,18922_hr,0.045310937
07334_hr,07334_hr,0.032933217
09155_hr,09155_hr,0.033231456
18779_hr,18779_hr,0.10047935
16429_hr,16429_hr,0.04425348
07933_hr,07933_hr,0.77760524
11499_hr,11499_hr,0.036033366
15817_hr,15817_hr,0.032143276
15423_hr,15423_hr,0.03502926
19758_hr,19758_hr,0.034315974
10661_hr,10661_hr,0.04013412
08845_hr,08845_hr,0.032003563
19941_hr,19941_hr,0.043072134
20795_hr,20795_hr,0.032666285
04517_hr,04517_hr,0.037562788
10172_hr,10172_hr,0.036915705
03848_hr,03848_hr,0.048054773
00480_hr,00480_hr,0.04011836
12780_hr,12780_hr,0.8927012
18020_hr,18020_hr,0.034273352
20217_hr,20217_hr,0.05853009
12902_hr,12902_hr,0.28631136
04581_hr,04581_hr,0.04176119
09840_hr,09840_hr,0.0706024
14142_hr,14142_hr,0.9824446
03651_hr,03651_hr,0.035093714
20467_hr,20467_hr,0.37488276
05867_hr,05867_hr,0.034188952
11765_hr,11765_hr,0.31547466
08167_hr,08167_hr,0.09137439
02618_hr,02618_hr,0.037178658
05332_hr,05332_hr,0.03555387
01614_hr,01614_hr,0.033769175
20815_hr,20815_hr,0.037382577
13144_hr,13144_hr,0.053731274
14170_hr,14170_hr,0.033907045
01771_hr,01771_hr,0.6574883
04225_hr,04225_hr,0.050390135
10141_hr,10141_hr,0.030274887
12641_hr,12641_hr,0.042204246
18564_hr,18564_hr,0.058409613
14614_hr,14614_hr,0.036795896
13347_hr,13347_hr,0.042340185
11657_hr,11657_hr,0.032087293
11262_hr,11262_hr,0.04040908
14458_hr,14458_hr,0.81553143
05695_hr,05695_hr,0.48955795
02903_hr,02903_hr,0.03837961
21330_hr,21330_hr,0.87706727
17760_hr,17760_hr,0.03702831
18487_hr,18487_hr,0.03538537
19778_hr,19778_hr,0.032182492
06759_hr,06759_hr,0.8875762
05037_hr,05037_hr,0.06570302
15988_hr,15988_hr,0.032332096
01650_hr,01650_hr,0.039801512
13060_hr,13060_hr,0.28946292
20688_hr,20688_hr,0.045395363
16900_hr,16900_hr,0.0344872
17104_hr,17104_hr,0.03620932
16597_hr,16597_hr,0.774383
17962_hr,17962_hr,0.12769955
21387_hr,21387_hr,0.37495992
19680_hr,19680_hr,0.035680894
09681_hr,09681_hr,0.042403236
11049_hr,11049_hr,0.17545302
16640_hr,16640_hr,0.036443107
21568_hr,21568_hr,0.040772103
04003_hr,04003_hr,0.039243136
19681_hr,19681_hr,0.03429372
21131_hr,21131_hr,0.0763212
06092_hr,06092_hr,0.032298613
12085_hr,12085_hr,0.8559622
20449_hr,20449_hr,0.180886
09915_hr,09915_hr,0.105561666
01566_hr,01566_hr,0.044428393
12283_hr,12283_hr,0.379489
08592_hr,08592_hr,0.88923216
06300_hr,06300_hr,0.0363905
07187_hr,07187_hr,0.03438509
12692_hr,12692_hr,0.038033497
19431_hr,19431_hr,0.048362114
15332_hr,15332_hr,0.5677417
13515_hr,13515_hr,0.055423215
08877_hr,08877_hr,0.3465625
13967_hr,13967_hr,0.03557317
08146_hr,08146_hr,0.03541204
21171_hr,21171_hr,0.05514635
04167_hr,04167_hr,0.03684462
07599_hr,07599_hr,0.034602307
14987_hr,14987_hr,0.03062826
21663_hr,21663_hr,0.13751182
07329_hr,07329_hr,0.27664566
21356_hr,21356_hr,0.37586743
15974_hr,15974_hr,0.032555126
14464_hr,14464_hr,0.032140028
19800_hr,19800_hr,0.033628147
15402_hr,15402_hr,0.042546786
12738_hr,12738_hr,0.877502
07005_hr,07005_hr,0.04767614
06610_hr,06610_hr,0.838872
18088_hr,18088_hr,0.05309833
06272_hr,06272_hr,0.042449623
17279_hr,17279_hr,0.040286466
07624_hr,07624_hr,0.03429944
20944_hr,20944_hr,0.0358051
18417_hr,18417_hr,0.035939265
11608_hr,11608_hr,0.46967632
19999_hr,19999_hr,0.06039334
15891_hr,15891_hr,0.042324986
15649_hr,15649_hr,0.8302626
00208_hr,00208_hr,0.04128398
00126_hr,00126_hr,0.20503694
02539_hr,02539_hr,0.42932743
13195_hr,13195_hr,0.035164256
14147_hr,14147_hr,0.04418585
13472_hr,13472_hr,0.0400567
08398_hr,08398_hr,0.26195678
13869_hr,13869_hr,0.07589253
09680_hr,09680_hr,0.039911043
13364_hr,13364_hr,0.07413711
13201_hr,13201_hr,0.042619243
21258_hr,21258_hr,0.06881243
02216_hr,02216_hr,0.15674075
07001_hr,07001_hr,0.051987477
09728_hr,09728_hr,0.036891736
11184_hr,11184_hr,0.10639336
20173_hr,20173_hr,0.048781317
01411_hr,01411_hr,0.5160636
00060_hr,00060_hr,0.13118304
07512_hr,07512_hr,0.03586319
19445_hr,19445_hr,0.057391897
18990_hr,18990_hr,0.04530808
09853_hr,09853_hr,0.25487554
11437_hr,11437_hr,0.19407041
14060_hr,14060_hr,0.038421888
01918_hr,01918_hr,0.035052888
00332_hr,00332_hr,0.7195554
01272_hr,01272_hr,0.83798337
15886_hr,15886_hr,0.04545495
11392_hr,11392_hr,0.08555521
13096_hr,13096_hr,0.04006158
15678_hr,15678_hr,0.04264232
09342_hr,09342_hr,0.056427088
10312_hr,10312_hr,0.032883063
06895_hr,06895_hr,0.042030964
11325_hr,11325_hr,0.64951575
00589_hr,00589_hr,0.03560515
05136_hr,05136_hr,0.8861198
12226_hr,12226_hr,0.072586305
15071_hr,15071_hr,0.033565447
04824_hr,04824_hr,0.85482115
09705_hr,09705_hr,0.035856035
11709_hr,11709_hr,0.043040466
05220_hr,05220_hr,0.29846784
20894_hr,20894_hr,0.08013003
16257_hr,16257_hr,0.032815672
01037_hr,01037_hr,0.03649096
01484_hr,01484_hr,0.051161367
09561_hr,09561_hr,0.04805397
18131_hr,18131_hr,0.9047525
09552_hr,09552_hr,0.033372693
09226_hr,09226_hr,0.03194102
12493_hr,12493_hr,0.042058554
19863_hr,19863_hr,0.037986595
19761_hr,19761_hr,0.03688569
14863_hr,14863_hr,0.7833759
17565_hr,17565_hr,0.11082246
20031_hr,20031_hr,0.035295565
19207_hr,19207_hr,0.031298332
03734_hr,03734_hr,0.05227581
07095_hr,07095_hr,0.41142166
07406_hr,07406_hr,0.045211557
00209_hr,00209_hr,0.055773336
19520_hr,19520_hr,0.07860419
03578_hr,03578_hr,0.04702245
17937_hr,17937_hr,0.03724636
10796_hr,10796_hr,0.33343536
16553_hr,16553_hr,0.03150295
16414_hr,16414_hr,0.049740825
07977_hr,07977_hr,0.17593046
00735_hr,00735_hr,0.040776845
02764_hr,02764_hr,0.031139439
19421_hr,19421_hr,0.04582523
17897_hr,17897_hr,0.05208683
09854_hr,09854_hr,0.6797013
09333_hr,09333_hr,0.18124558
11381_hr,11381_hr,0.18057808
11477_hr,11477_hr,0.044439163
18115_hr,18115_hr,0.032469295
06058_hr,06058_hr,0.0297915
06142_hr,06142_hr,0.03859779
01786_hr,01786_hr,0.06723778
09381_hr,09381_hr,0.03759652
18267_hr,18267_hr,0.042379536
16530_hr,16530_hr,0.1595787
10755_hr,10755_hr,0.43581295
06373_hr,06373_hr,0.84085006
02107_hr,02107_hr,0.10298837
08383_hr,08383_hr,0.03994303
18415_hr,18415_hr,0.045550253
00215_hr,00215_hr,0.030599084
21176_hr,21176_hr,0.03900066
00572_hr,00572_hr,0.14751998
14172_hr,14172_hr,0.05337541
05878_hr,05878_hr,0.0687573
01351_hr,01351_hr,0.065839745
09051_hr,09051_hr,0.04056717
14874_hr,14874_hr,0.087047115
16328_hr,16328_hr,0.035081882
13892_hr,13892_hr,0.036974635
12604_hr,12604_hr,0.032311223
02190_hr,02190_hr,0.04165031
07205_hr,07205_hr,0.25265592
17439_hr,17439_hr,0.046168767
13046_hr,13046_hr,0.039129917
03483_hr,03483_hr,0.062221315
15967_hr,15967_hr,0.032551516
16933_hr,16933_hr,0.6943599
11990_hr,11990_hr,0.029414417
07326_hr,07326_hr,0.04038481
03648_hr,03648_hr,0.039301876
19837_hr,19837_hr,0.041826468
18133_hr,18133_hr,0.04406885
04326_hr,04326_hr,0.5055201
07873_hr,07873_hr,0.032144487
07058_hr,07058_hr,0.0335841
09419_hr,09419_hr,0.034659036
03089_hr,03089_hr,0.038594022
15761_hr,15761_hr,0.04877222
04707_hr,04707_hr,0.043344073
12593_hr,12593_hr,0.18252033
07786_hr,07786_hr,0.042886935
17638_hr,17638_hr,0.03472175
17112_hr,17112_hr,0.03231169
07580_hr,07580_hr,0.033350494
13288_hr,13288_hr,0.06102881
05997_hr,05997_hr,0.81452453
12129_hr,12129_hr,0.75670373
17406_hr,17406_hr,0.48319605
06705_hr,06705_hr,0.8926929
14544_hr,14544_hr,0.035952676
00156_hr,00156_hr,0.03301167
02646_hr,02646_hr,0.1741296
04540_hr,04540_hr,0.057515334
17042_hr,17042_hr,0.12635961
21733_hr,21733_hr,0.03405511
16256_hr,16256_hr,0.037278518
03569_hr,03569_hr,0.03126031
13947_hr,13947_hr,0.044963475
12496_hr,12496_hr,0.20194685
01480_hr,01480_hr,0.11026082
00217_hr,00217_hr,0.032539442
12076_hr,12076_hr,0.03243185
04532_hr,04532_hr,0.03803421
10041_hr,10041_hr,0.033528846
12249_hr,12249_hr,0.06600842
08755_hr,08755_hr,0.058036488
06591_hr,06591_hr,0.0365608
20023_hr,20023_hr,0.10274652
06784_hr,06784_hr,0.8883987
08011_hr,08011_hr,0.030684305
00878_hr,00878_hr,0.04770223
17454_hr,17454_hr,0.03806305
07716_hr,07716_hr,0.8212229
21036_hr,21036_hr,0.059891578
08083_hr,08083_hr,0.03590508
08964_hr,08964_hr,0.43828195
17896_hr,17896_hr,0.03486945
00610_hr,00610_hr,0.040209122
05433_hr,05433_hr,0.055361364
07997_hr,07997_hr,0.8971593
20936_hr,20936_hr,0.05988627
11601_hr,11601_hr,0.03820712
07245_hr,07245_hr,0.04693799
02056_hr,02056_hr,0.034040097
00982_hr,00982_hr,0.052880168
06593_hr,06593_hr,0.051963184
00267_hr,00267_hr,0.048776373
19697_hr,19697_hr,0.20529805
12017_hr,12017_hr,0.04977804
09535_hr,09535_hr,0.03210141
17230_hr,17230_hr,0.032295574
06863_hr,06863_hr,0.6625282
09546_hr,09546_hr,0.047795378
16308_hr,16308_hr,0.056171395
01256_hr,01256_hr,0.12722264
19701_hr,19701_hr,0.052123245
10133_hr,10133_hr,0.042309348
16792_hr,16792_hr,0.045638107
06931_hr,06931_hr,0.036389295
08038_hr,08038_hr,0.04010775
13012_hr,13012_hr,0.040123824
14811_hr,14811_hr,0.061786007
17307_hr,17307_hr,0.032258905
16889_hr,16889_hr,0.034152362
17711_hr,17711_hr,0.0954776
21528_hr,21528_hr,0.036507074
06156_hr,06156_hr,0.11756899
19058_hr,19058_hr,0.042399324
02876_hr,02876_hr,0.033955686
01997_hr,01997_hr,0.06295691
19738_hr,19738_hr,0.31058502
13169_hr,13169_hr,0.030186662
01738_hr,01738_hr,0.04651891
00681_hr,00681_hr,0.03905659
00923_hr,00923_hr,0.8936249
10897_hr,10897_hr,0.3375856
00037_hr,00037_hr,0.1651585
03232_hr,03232_hr,0.045356285
06824_hr,06824_hr,0.05529688
00068_hr,00068_hr,0.030173613
08676_hr,08676_hr,0.114360474
01062_hr,01062_hr,0.053376134
18839_hr,18839_hr,0.034091122
17111_hr,17111_hr,0.5252227
11409_hr,11409_hr,0.049992733
05802_hr,05802_hr,0.06034655
16703_hr,16703_hr,0.90085125
13706_hr,13706_hr,0.050407942
11918_hr,11918_hr,0.040512417
13787_hr,13787_hr,0.8909119
09690_hr,09690_hr,0.046197772
14797_hr,14797_hr,0.056203175
09661_hr,09661_hr,0.049880538
03473_hr,03473_hr,0.89657253
01821_hr,01821_hr,0.035615318
07731_hr,07731_hr,0.03814886
18742_hr,18742_hr,0.10033578
15167_hr,15167_hr,0.044679154
02601_hr,02601_hr,0.039146084
12847_hr,12847_hr,0.034853518
14416_hr,14416_hr,0.03891829
04650_hr,04650_hr,0.21255893
13468_hr,13468_hr,0.71817863
02719_hr,02719_hr,0.036172
03993_hr,03993_hr,0.030485792
10477_hr,10477_hr,0.030272704
21056_hr,21056_hr,0.84564686
02317_hr,02317_hr,0.20342302
20933_hr,20933_hr,0.7001009
18817_hr,18817_hr,0.04936572
08299_hr,08299_hr,0.22693557
17011_hr,17011_hr,0.037718296
09889_hr,09889_hr,0.03191184
05376_hr,05376_hr,0.03344005
16726_hr,16726_hr,0.038836144
05139_hr,05139_hr,0.74189544
05581_hr,05581_hr,0.032512642
18460_hr,18460_hr,0.034660473
17026_hr,17026_hr,0.03513037
06663_hr,06663_hr,0.03485315
14152_hr,14152_hr,0.8926481
14619_hr,14619_hr,0.06363481
06537_hr,06537_hr,0.13287045
06400_hr,06400_hr,0.04438634
10520_hr,10520_hr,0.15807866
08173_hr,08173_hr,0.035151765
07362_hr,07362_hr,0.028555226
21026_hr,21026_hr,0.040183946
15508_hr,15508_hr,0.046254158
02854_hr,02854_hr,0.04918184
19101_hr,19101_hr,0.7932042
10032_hr,10032_hr,0.04369033
03598_hr,03598_hr,0.27890036
17947_hr,17947_hr,0.055776525
14297_hr,14297_hr,0.037799083
07212_hr,07212_hr,0.032404732
00311_hr,00311_hr,0.037050407
15302_hr,15302_hr,0.14932509
17978_hr,17978_hr,0.030831823
19390_hr,19390_hr,0.038602326
14801_hr,14801_hr,0.034722123
08850_hr,08850_hr,0.044067197
03656_hr,03656_hr,0.034138933
01409_hr,01409_hr,0.3439429
12650_hr,12650_hr,0.044015273
21624_hr,21624_hr,0.81172305
21001_hr,21001_hr,0.05943394
15283_hr,15283_hr,0.04699143
16883_hr,16883_hr,0.055102766
01720_hr,01720_hr,0.039306123
08247_hr,08247_hr,0.033534683
20129_hr,20129_hr,0.15833849
20243_hr,20243_hr,0.878603
11164_hr,11164_hr,0.08000202
07474_hr,07474_hr,0.061432466
04221_hr,04221_hr,0.8029265
06047_hr,06047_hr,0.055935152
00785_hr,00785_hr,0.043031953
11500_hr,11500_hr,0.8744417
06877_hr,06877_hr,0.03514627
08696_hr,08696_hr,0.08206156
12364_hr,12364_hr,0.032540396
12356_hr,12356_hr,0.084854074
00566_hr,00566_hr,0.032547783
14779_hr,14779_hr,0.034603406
18018_hr,18018_hr,0.03462259
15581_hr,15581_hr,0.050190322
17394_hr,17394_hr,0.035439383
21052_hr,21052_hr,0.03060645
17542_hr,17542_hr,0.041888658
12599_hr,12599_hr,0.03117456
05120_hr,05120_hr,0.056913394
18178_hr,18178_hr,0.03753141
13606_hr,13606_hr,0.033751052
09717_hr,09717_hr,0.04866902
09184_hr,09184_hr,0.045893714
05241_hr,05241_hr,0.04484391
17955_hr,17955_hr,0.13780294
18985_hr,18985_hr,0.062167212
18908_hr,18908_hr,0.058146857
06428_hr,06428_hr,0.035310075
13914_hr,13914_hr,0.21080008
21006_hr,21006_hr,0.22754869
11360_hr,11360_hr,0.032029852
14450_hr,14450_hr,0.808752
08082_hr,08082_hr,0.038300477
05435_hr,05435_hr,0.034571007
14097_hr,14097_hr,0.034488883
02064_hr,02064_hr,0.11407929
12136_hr,12136_hr,0.04188913
06714_hr,06714_hr,0.045853913
10258_hr,10258_hr,0.03671606
10247_hr,10247_hr,0.042084716
06353_hr,06353_hr,0.03179167
08282_hr,08282_hr,0.048608497
01648_hr,01648_hr,0.03591152
11770_hr,11770_hr,0.19735295
18204_hr,18204_hr,0.10824015
09555_hr,09555_hr,0.24448252
04297_hr,04297_hr,0.037218038
19354_hr,19354_hr,0.04639946
08499_hr,08499_hr,0.89741623
15735_hr,15735_hr,0.036189657
04721_hr,04721_hr,0.11393507
16671_hr,16671_hr,0.30536497
16959_hr,16959_hr,0.046775267
07830_hr,07830_hr,0.24762745
14385_hr,14385_hr,0.11974313
17541_hr,17541_hr,0.035288885
03826_hr,03826_hr,0.04007493
14752_hr,14752_hr,0.5249032
07705_hr,07705_hr,0.055127297
07344_hr,07344_hr,0.17209604
11296_hr,11296_hr,0.59105307
12565_hr,12565_hr,0.06631142
09314_hr,09314_hr,0.029338527
06751_hr,06751_hr,0.89580476
13286_hr,13286_hr,0.030032642
17399_hr,17399_hr,0.038257595
21288_hr,21288_hr,0.036958907
05664_hr,05664_hr,0.15229106
04761_hr,04761_hr,0.19413504
20261_hr,20261_hr,0.039870627
20905_hr,20905_hr,0.058219615
09662_hr,09662_hr,0.18599024
02548_hr,02548_hr,0.030900672
10298_hr,10298_hr,0.05548127
04103_hr,04103_hr,0.857801
07108_hr,07108_hr,0.3258446
18963_hr,18963_hr,0.04167153
10778_hr,10778_hr,0.03227912
18203_hr,18203_hr,0.23431945
17912_hr,17912_hr,0.051628537
16045_hr,16045_hr,0.033010308
16346_hr,16346_hr,0.0380919
09037_hr,09037_hr,0.033525243
10585_hr,10585_hr,0.45553678
11125_hr,11125_hr,0.042644747
12373_hr,12373_hr,0.042146638
04274_hr,04274_hr,0.04249961
01619_hr,01619_hr,0.03262901
19205_hr,19205_hr,0.053388067
00619_hr,00619_hr,0.055583198
10364_hr,10364_hr,0.032290116
00325_hr,00325_hr,0.039002325
00420_hr,00420_hr,0.13022336
11797_hr,11797_hr,0.03767394
06979_hr,06979_hr,0.03422261
17797_hr,17797_hr,0.040703483
15599_hr,15599_hr,0.8530336
01468_hr,01468_hr,0.82856184
00747_hr,00747_hr,0.033713654
07966_hr,07966_hr,0.038749825
08420_hr,08420_hr,0.2217802
09691_hr,09691_hr,0.064942054
17764_hr,17764_hr,0.02769132
11148_hr,11148_hr,0.03762791
02949_hr,02949_hr,0.03768744
07839_hr,07839_hr,0.03267415
04248_hr,04248_hr,0.04134454
02555_hr,02555_hr,0.07886783
20584_hr,20584_hr,0.042542554
18722_hr,18722_hr,0.08749696
11534_hr,11534_hr,0.2232859
16057_hr,16057_hr,0.042500835
13138_hr,13138_hr,0.036855787
07342_hr,07342_hr,0.03369208
21225_hr,21225_hr,0.8447956
13549_hr,13549_hr,0.03293838
19768_hr,19768_hr,0.76719344
01455_hr,01455_hr,0.032349393
03688_hr,03688_hr,0.054312415
13020_hr,13020_hr,0.73529094
10849_hr,10849_hr,0.4561207
09188_hr,09188_hr,0.83740294
04774_hr,04774_hr,0.036422133
13147_hr,13147_hr,0.14248879
02487_hr,02487_hr,0.03319783
07954_hr,07954_hr,0.03268404
05187_hr,05187_hr,0.03633602
11550_hr,11550_hr,0.2686864
11490_hr,11490_hr,0.04112382
01704_hr,01704_hr,0.29123193
17850_hr,17850_hr,0.04565666
00417_hr,00417_hr,0.040461596
04845_hr,04845_hr,0.78019524
04557_hr,04557_hr,0.03173145
19592_hr,19592_hr,0.03093454
12251_hr,12251_hr,0.876869
19803_hr,19803_hr,0.13208313
07466_hr,07466_hr,0.098260574
21158_hr,21158_hr,0.16429102
17732_hr,17732_hr,0.03292856
13924_hr,13924_hr,0.048302785
09324_hr,09324_hr,0.055847112
04844_hr,04844_hr,0.1851179
01286_hr,01286_hr,0.029006444
13963_hr,13963_hr,0.12191186
13640_hr,13640_hr,0.49910533
02660_hr,02660_hr,0.04665056
12727_hr,12727_hr,0.32495695
02775_hr,02775_hr,0.06735232
13098_hr,13098_hr,0.04498754
04502_hr,04502_hr,0.04027568
05843_hr,05843_hr,0.13866799
03549_hr,03549_hr,0.8423619
18139_hr,18139_hr,0.040432885
20964_hr,20964_hr,0.0283731
14798_hr,14798_hr,0.033678558
14197_hr,14197_hr,0.7714709
01366_hr,01366_hr,0.25905427
10970_hr,10970_hr,0.06826104
00673_hr,00673_hr,0.046968803
16813_hr,16813_hr,0.033461306
02858_hr,02858_hr,0.033512026
01956_hr,01956_hr,0.1428411
10113_hr,10113_hr,0.043198757
19544_hr,19544_hr,0.044740524
03770_hr,03770_hr,0.038934197
06262_hr,06262_hr,0.14736642
04486_hr,04486_hr,0.042504374
06542_hr,06542_hr,0.038076445
07423_hr,07423_hr,0.061999958
00379_hr,00379_hr,0.039310977
19028_hr,19028_hr,0.8679907
11508_hr,11508_hr,0.88856876
10539_hr,10539_hr,0.03326846
14266_hr,14266_hr,0.031065376
20047_hr,20047_hr,0.20192264
09446_hr,09446_hr,0.03195944
15705_hr,15705_hr,0.045194566
15914_hr,15914_hr,0.19523802
07024_hr,07024_hr,0.05021681
12695_hr,12695_hr,0.8841798
14624_hr,14624_hr,0.039147653
20638_hr,20638_hr,0.033298206
16483_hr,16483_hr,0.03582442
12900_hr,12900_hr,0.027624724
08203_hr,08203_hr,0.10120873
13246_hr,13246_hr,0.035366967
13111_hr,13111_hr,0.14984731
05063_hr,05063_hr,0.036700193
05577_hr,05577_hr,0.044928104
11955_hr,11955_hr,0.034209743
08334_hr,08334_hr,0.033434637
18457_hr,18457_hr,0.8750611
17987_hr,17987_hr,0.42145532
13745_hr,13745_hr,0.03725528
07290_hr,07290_hr,0.030579569
21303_hr,21303_hr,0.04083433
11687_hr,11687_hr,0.049753368
11766_hr,11766_hr,0.5932375
01129_hr,01129_hr,0.038347453
16611_hr,16611_hr,0.038722366
10822_hr,10822_hr,0.04557044
03749_hr,03749_hr,0.04453324
21827_hr,21827_hr,0.57874894
21250_hr,21250_hr,0.7115021
18657_hr,18657_hr,0.03327732
03212_hr,03212_hr,0.050195068
11695_hr,11695_hr,0.13855071
04482_hr,04482_hr,0.035202138
12034_hr,12034_hr,0.03101848
07156_hr,07156_hr,0.3679203
00070_hr,00070_hr,0.03287391
13066_hr,13066_hr,0.03461467
03115_hr,03115_hr,0.04168186
03494_hr,03494_hr,0.03422507
03127_hr,03127_hr,0.041888803
10800_hr,10800_hr,0.034271285
11259_hr,11259_hr,0.07652488
16749_hr,16749_hr,0.073326945
13000_hr,13000_hr,0.120652564
05023_hr,05023_hr,0.033871807
07283_hr,07283_hr,0.8421823
09584_hr,09584_hr,0.055601813
05934_hr,05934_hr,0.054228973
05724_hr,05724_hr,0.19435656
17046_hr,17046_hr,0.033260792
16920_hr,16920_hr,0.047584124
13408_hr,13408_hr,0.04998645
06447_hr,06447_hr,0.042420164
05765_hr,05765_hr,0.06739739
19208_hr,19208_hr,0.033288624
12378_hr,12378_hr,0.040583003
15082_hr,15082_hr,0.034972318
02502_hr,02502_hr,0.031646688
20427_hr,20427_hr,0.034269594
05925_hr,05925_hr,0.034507
18056_hr,18056_hr,0.03653131
12639_hr,12639_hr,0.054074775
10900_hr,10900_hr,0.16108762
14615_hr,14615_hr,0.07008345
16004_hr,16004_hr,0.040661126
01737_hr,01737_hr,0.042003654
13590_hr,13590_hr,0.040861484
21575_hr,21575_hr,0.059587512
17707_hr,17707_hr,0.031983413
09134_hr,09134_hr,0.035199076
02382_hr,02382_hr,0.04197494
14515_hr,14515_hr,0.044950716
04974_hr,04974_hr,0.85731
13160_hr,13160_hr,0.8928064
05323_hr,05323_hr,0.4298377
08686_hr,08686_hr,0.9275912
10704_hr,10704_hr,0.53532505
20070_hr,20070_hr,0.06751126
17282_hr,17282_hr,0.03342319
02420_hr,02420_hr,0.038540546
00023_hr,00023_hr,0.08250315
18609_hr,18609_hr,0.055286564
14612_hr,14612_hr,0.23440996
03070_hr,03070_hr,0.11687955
07067_hr,07067_hr,0.8816521
04722_hr,04722_hr,0.03391887
04373_hr,04373_hr,0.043376744
21054_hr,21054_hr,0.035719004
18943_hr,18943_hr,0.062359218
16524_hr,16524_hr,0.031333815
01113_hr,01113_hr,0.032128446
17845_hr,17845_hr,0.06341247
18924_hr,18924_hr,0.854153
19204_hr,19204_hr,0.053926297
13373_hr,13373_hr,0.041398294
15005_hr,15005_hr,0.5560424
09343_hr,09343_hr,0.5841051
12277_hr,12277_hr,0.03211719
17265_hr,17265_hr,0.053820856
03324_hr,03324_hr,0.03335715
03679_hr,03679_hr,0.031272087
16689_hr,16689_hr,0.032871712
13014_hr,13014_hr,0.90519476
03834_hr,03834_hr,0.1689056
09385_hr,09385_hr,0.86481553
19479_hr,19479_hr,0.8935161
14765_hr,14765_hr,0.14818867
08128_hr,08128_hr,0.03319757
05984_hr,05984_hr,0.031762302
09006_hr,09006_hr,0.035172466
02497_hr,02497_hr,0.04271544
10517_hr,10517_hr,0.88099545
06605_hr,06605_hr,0.095368244
02036_hr,02036_hr,0.030947044
02141_hr,02141_hr,0.041822065
05239_hr,05239_hr,0.04501011
00326_hr,00326_hr,0.06102692
02729_hr,02729_hr,0.034988187
20981_hr,20981_hr,0.44806847
02938_hr,02938_hr,0.77380294
01075_hr,01075_hr,0.90009916
04731_hr,04731_hr,0.032026764
20405_hr,20405_hr,0.115938865
02440_hr,02440_hr,0.033094537
17759_hr,17759_hr,0.03231426
12833_hr,12833_hr,0.04198709
05506_hr,05506_hr,0.16750705
19135_hr,19135_hr,0.059737734
17549_hr,17549_hr,0.066034794
20043_hr,20043_hr,0.8902258
06266_hr,06266_hr,0.03437894
21095_hr,21095_hr,0.053643376
00509_hr,00509_hr,0.14434773
09634_hr,09634_hr,0.05552629
16649_hr,16649_hr,0.031304535
05807_hr,05807_hr,0.047758777
05622_hr,05622_hr,0.037855476
16938_hr,16938_hr,0.88554394
20861_hr,20861_hr,0.09967306
16937_hr,16937_hr,0.04002383
16165_hr,16165_hr,0.04749356
03259_hr,03259_hr,0.034292888
07257_hr,07257_hr,0.037643433
15662_hr,15662_hr,0.038017638
18850_hr,18850_hr,0.95113313
03957_hr,03957_hr,0.20275165
00752_hr,00752_hr,0.0353582
08067_hr,08067_hr,0.037379656
10443_hr,10443_hr,0.043960236
06914_hr,06914_hr,0.03493578
12871_hr,12871_hr,0.15111728
21427_hr,21427_hr,0.031108856
13078_hr,13078_hr,0.04524778
18019_hr,18019_hr,0.13137592
10889_hr,10889_hr,0.032293815
10011_hr,10011_hr,0.07772668
14647_hr,14647_hr,0.038750675
10177_hr,10177_hr,0.30262402
21764_hr,21764_hr,0.1521999
03790_hr,03790_hr,0.033114005
15087_hr,15087_hr,0.033852983
05745_hr,05745_hr,0.84555244
14695_hr,14695_hr,0.060142193
19371_hr,19371_hr,0.059322853
10394_hr,10394_hr,0.058452662
06665_hr,06665_hr,0.04322179
04259_hr,04259_hr,0.34808815
06595_hr,06595_hr,0.037304047
10608_hr,10608_hr,0.17148575
17894_hr,17894_hr,0.036596026
12619_hr,12619_hr,0.05455731
13570_hr,13570_hr,0.16663848
14388_hr,14388_hr,0.04777495
08084_hr,08084_hr,0.0352175
00856_hr,00856_hr,0.04440337
18989_hr,18989_hr,0.80042815
14193_hr,14193_hr,0.038400568
06042_hr,06042_hr,0.030375237
21324_hr,21324_hr,0.8966639
21490_hr,21490_hr,0.034783676
02339_hr,02339_hr,0.035800524
07979_hr,07979_hr,0.069095396
04113_hr,04113_hr,0.03226075
13981_hr,13981_hr,0.03329328
19465_hr,19465_hr,0.05436294
05341_hr,05341_hr,0.040203664
07118_hr,07118_hr,0.89082056
08971_hr,08971_hr,0.046958514
14300_hr,14300_hr,0.03376115
17766_hr,17766_hr,0.07195257
15680_hr,15680_hr,0.035320763
11065_hr,11065_hr,0.34286585
14370_hr,14370_hr,0.04773491
04288_hr,04288_hr,0.044358127
08483_hr,08483_hr,0.03131904
04513_hr,04513_hr,0.03237958
17706_hr,17706_hr,0.8555877
21550_hr,21550_hr,0.056035858
20579_hr,20579_hr,0.5147905
06662_hr,06662_hr,0.47055793
02762_hr,02762_hr,0.06026087
19218_hr,19218_hr,0.036397506
16281_hr,16281_hr,0.33239463
15572_hr,15572_hr,0.050163694
18430_hr,18430_hr,0.038489047
13652_hr,13652_hr,0.07035689
17910_hr,17910_hr,0.046170507
06067_hr,06067_hr,0.43497708
03694_hr,03694_hr,0.031884603
09269_hr,09269_hr,0.22981687
11214_hr,11214_hr,0.048338506
03281_hr,03281_hr,0.82526845
16009_hr,16009_hr,0.032347966
08825_hr,08825_hr,0.22424085
10499_hr,10499_hr,0.22755887
10586_hr,10586_hr,0.046132118
13587_hr,13587_hr,0.044884082
16224_hr,16224_hr,0.42375457
21793_hr,21793_hr,0.26785865
21577_hr,21577_hr,0.159944
08846_hr,08846_hr,0.034714065
18409_hr,18409_hr,0.8908992
07967_hr,07967_hr,0.8073309
20513_hr,20513_hr,0.9020419
02314_hr,02314_hr,0.29850653
04380_hr,04380_hr,0.041126236
12648_hr,12648_hr,0.048021402
03137_hr,03137_hr,0.03567528
06666_hr,06666_hr,0.5034675
07055_hr,07055_hr,0.032749854
08224_hr,08224_hr,0.045768328
09310_hr,09310_hr,0.035719696
08354_hr,08354_hr,0.06090446
20290_hr,20290_hr,0.03607501
05650_hr,05650_hr,0.850001
03030_hr,03030_hr,0.035959657
02361_hr,02361_hr,0.031287808
07802_hr,07802_hr,0.03777863
11225_hr,11225_hr,0.12606262
05327_hr,05327_hr,0.8891978
14108_hr,14108_hr,0.030550329
19916_hr,19916_hr,0.03454577
04646_hr,04646_hr,0.034870073
03458_hr,03458_hr,0.048179876
16688_hr,16688_hr,0.23698863
03867_hr,03867_hr,0.04938468
16800_hr,16800_hr,0.03393157
08834_hr,08834_hr,0.03945826
10454_hr,10454_hr,0.045980785
12897_hr,12897_hr,0.03444148
06105_hr,06105_hr,0.039477628
14462_hr,14462_hr,0.060748693
15810_hr,15810_hr,0.13529614
14455_hr,14455_hr,0.04770245
17612_hr,17612_hr,0.03154446
19718_hr,19718_hr,0.03770548
17273_hr,17273_hr,0.14441827
12997_hr,12997_hr,0.78578025
15737_hr,15737_hr,0.031143678
10518_hr,10518_hr,0.9055386
11174_hr,11174_hr,0.037773326
13704_hr,13704_hr,0.035504214
10171_hr,10171_hr,0.03533885
03581_hr,03581_hr,0.037859585
04676_hr,04676_hr,0.042405054
11135_hr,11135_hr,0.038470894
08366_hr,08366_hr,0.7456324
03836_hr,03836_hr,0.868801
19237_hr,19237_hr,0.03764894
18836_hr,18836_hr,0.03475942
01701_hr,01701_hr,0.17971787
20945_hr,20945_hr,0.11152385
03520_hr,03520_hr,0.03210372
10950_hr,10950_hr,0.18736866
00090_hr,00090_hr,0.037147943
02446_hr,02446_hr,0.90254897
13603_hr,13603_hr,0.03854121
14501_hr,14501_hr,0.2645906
09632_hr,09632_hr,0.044818692
17533_hr,17533_hr,0.82810766
10246_hr,10246_hr,0.050877407
10751_hr,10751_hr,0.04567026
11647_hr,11647_hr,0.029349245
14870_hr,14870_hr,0.03150835
21519_hr,21519_hr,0.82614756
18763_hr,18763_hr,0.036884837
19471_hr,19471_hr,0.25704542
03535_hr,03535_hr,0.04700728
21649_hr,21649_hr,0.03158044
02130_hr,02130_hr,0.031550642
21730_hr,21730_hr,0.031643238
17904_hr,17904_hr,0.054249328
10182_hr,10182_hr,0.03306561
07359_hr,07359_hr,0.054273367
03316_hr,03316_hr,0.033245325
08934_hr,08934_hr,0.0960561
09434_hr,09434_hr,0.03244207
07959_hr,07959_hr,0.032060057
18810_hr,18810_hr,0.117980815
06101_hr,06101_hr,0.034281135
04261_hr,04261_hr,0.040741574
18227_hr,18227_hr,0.031453066
01925_hr,01925_hr,0.059794597
03407_hr,03407_hr,0.042833384
11513_hr,11513_hr,0.03700068
00832_hr,00832_hr,0.03371278
04757_hr,04757_hr,0.032019343
15883_hr,15883_hr,0.04774529
08895_hr,08895_hr,0.78292197
07831_hr,07831_hr,0.039975077
12797_hr,12797_hr,0.04884558
15131_hr,15131_hr,0.8552465
08666_hr,08666_hr,0.030406658
05280_hr,05280_hr,0.9013729
18616_hr,18616_hr,0.031494353
14355_hr,14355_hr,0.9767389
10254_hr,10254_hr,0.80712247
19994_hr,19994_hr,0.2039861
10578_hr,10578_hr,0.24431795
07697_hr,07697_hr,0.8647765
03827_hr,03827_hr,0.8940938
07396_hr,07396_hr,0.8330237
02310_hr,02310_hr,0.038682163
16277_hr,16277_hr,0.05055152
07060_hr,07060_hr,0.043175787
13037_hr,13037_hr,0.8359963
10383_hr,10383_hr,0.030708224
21564_hr,21564_hr,0.10059105
11351_hr,11351_hr,0.85999405
02166_hr,02166_hr,0.04627244
18621_hr,18621_hr,0.2697829
08199_hr,08199_hr,0.035880793
08336_hr,08336_hr,0.048884775
11435_hr,11435_hr,0.87624013
09624_hr,09624_hr,0.03540572
19247_hr,19247_hr,0.035880473
21503_hr,21503_hr,0.03513315
04435_hr,04435_hr,0.7678935
05742_hr,05742_hr,0.04226295
07453_hr,07453_hr,0.03371517
04756_hr,04756_hr,0.05019665
18535_hr,18535_hr,0.057420652
12562_hr,12562_hr,0.045786053
01637_hr,01637_hr,0.03324767
11290_hr,11290_hr,0.04064078
14653_hr,14653_hr,0.035016567
05101_hr,05101_hr,0.03626246
11559_hr,11559_hr,0.057123408
02080_hr,02080_hr,0.033463743
21414_hr,21414_hr,0.061856847
07920_hr,07920_hr,0.26739055
08214_hr,08214_hr,0.1218989
17598_hr,17598_hr,0.048875768
00924_hr,00924_hr,0.79598236
08457_hr,08457_hr,0.038530245
13464_hr,13464_hr,0.8007693
03130_hr,03130_hr,0.041711345
01875_hr,01875_hr,0.06924944
06062_hr,06062_hr,0.030254861
21674_hr,21674_hr,0.031892017
17655_hr,17655_hr,0.033195514
07759_hr,07759_hr,0.040362924
03779_hr,03779_hr,0.045298677
06818_hr,06818_hr,0.03363987
17740_hr,17740_hr,0.034275778
20797_hr,20797_hr,0.036641303
16079_hr,16079_hr,0.11837907
21714_hr,21714_hr,0.05289819
21732_hr,21732_hr,0.038370647
05102_hr,05102_hr,0.031231444
20495_hr,20495_hr,0.037308533
05290_hr,05290_hr,0.19776373
21628_hr,21628_hr,0.05990039
13496_hr,13496_hr,0.030715168
01971_hr,01971_hr,0.03553804
06626_hr,06626_hr,0.033756215
08229_hr,08229_hr,0.031636212
18371_hr,18371_hr,0.114471965
14399_hr,14399_hr,0.14578126
12466_hr,12466_hr,0.044223454
08537_hr,08537_hr,0.038062353
08775_hr,08775_hr,0.08428633
19551_hr,19551_hr,0.33774105
01300_hr,01300_hr,0.87653774
10262_hr,10262_hr,0.08027343
07333_hr,07333_hr,0.8734968
05851_hr,05851_hr,0.03583992
14200_hr,14200_hr,0.077661626
17663_hr,17663_hr,0.047304988
15966_hr,15966_hr,0.03701344
03596_hr,03596_hr,0.07376065
17849_hr,17849_hr,0.040025175
20475_hr,20475_hr,0.030629316
01563_hr,01563_hr,0.03869459
18684_hr,18684_hr,0.030750182
11525_hr,11525_hr,0.058015276
21218_hr,21218_hr,0.034342896
14271_hr,14271_hr,0.16964042
11749_hr,11749_hr,0.08159717
17190_hr,17190_hr,0.03151885
11851_hr,11851_hr,0.054606993
16025_hr,16025_hr,0.03819453
10024_hr,10024_hr,0.03417257
15722_hr,15722_hr,0.048608575
04353_hr,04353_hr,0.03592426
14235_hr,14235_hr,0.040863786
09724_hr,09724_hr,0.05573558
15268_hr,15268_hr,0.034512036
19001_hr,19001_hr,0.06786282
20343_hr,20343_hr,0.065845124
03629_hr,03629_hr,0.81077206
15560_hr,15560_hr,0.034033094
11097_hr,11097_hr,0.80179304
05764_hr,05764_hr,0.08776316
03377_hr,03377_hr,0.038197882
19869_hr,19869_hr,0.26612222
02393_hr,02393_hr,0.033036724
02850_hr,02850_hr,0.04532499
03193_hr,03193_hr,0.03882574
06893_hr,06893_hr,0.27061445
00082_hr,00082_hr,0.042584926
09570_hr,09570_hr,0.03277435
04257_hr,04257_hr,0.032967374
19416_hr,19416_hr,0.03583265
02549_hr,02549_hr,0.08165044
11658_hr,11658_hr,0.8880926
10595_hr,10595_hr,0.030375792
18255_hr,18255_hr,0.050245173
08562_hr,08562_hr,0.032188404
02758_hr,02758_hr,0.038609188
20702_hr,20702_hr,0.89051825
17617_hr,17617_hr,0.035699345
14813_hr,14813_hr,0.029750925
08138_hr,08138_hr,0.03713469
14644_hr,14644_hr,0.7036868
09941_hr,09941_hr,0.033725463
01820_hr,01820_hr,0.089122124
07626_hr,07626_hr,0.06650726
11252_hr,11252_hr,0.04571806
11415_hr,11415_hr,0.035844974
01395_hr,01395_hr,0.18674488
13389_hr,13389_hr,0.03897463
05565_hr,05565_hr,0.05202283
17013_hr,17013_hr,0.037383396
03240_hr,03240_hr,0.05600683
01406_hr,01406_hr,0.109880015
07745_hr,07745_hr,0.047710843
10467_hr,10467_hr,0.98286486
21015_hr,21015_hr,0.034321498
20157_hr,20157_hr,0.94235885
02759_hr,02759_hr,0.038767032
02798_hr,02798_hr,0.032405242
08213_hr,08213_hr,0.054771498
15357_hr,15357_hr,0.050860275
10077_hr,10077_hr,0.056311622
06449_hr,06449_hr,0.051555723
11911_hr,11911_hr,0.90374196
14036_hr,14036_hr,0.032373738
18329_hr,18329_hr,0.043559287
19271_hr,19271_hr,0.0354404
04011_hr,04011_hr,0.059218857
07125_hr,07125_hr,0.03351884
12794_hr,12794_hr,0.03760135
06585_hr,06585_hr,0.8655651
02558_hr,02558_hr,0.031154342
07892_hr,07892_hr,0.038126487
02665_hr,02665_hr,0.03073351
01290_hr,01290_hr,0.045386646
20651_hr,20651_hr,0.041133232
20269_hr,20269_hr,0.8464555
09052_hr,09052_hr,0.034806937
13281_hr,13281_hr,0.032163102
16008_hr,16008_hr,0.1052467
07618_hr,07618_hr,0.03368496
15638_hr,15638_hr,0.037702084
16199_hr,16199_hr,0.0367544
02563_hr,02563_hr,0.05281421
10030_hr,10030_hr,0.05109611
20559_hr,20559_hr,0.042309873
09715_hr,09715_hr,0.6174929
10999_hr,10999_hr,0.37344
08180_hr,08180_hr,0.030456603
02512_hr,02512_hr,0.04430516
14729_hr,14729_hr,0.03857595
00280_hr,00280_hr,0.033088945
16371_hr,16371_hr,0.8652332
19770_hr,19770_hr,0.46405578
20783_hr,20783_hr,0.045063484
08778_hr,08778_hr,0.038804
21435_hr,21435_hr,0.09839908
04928_hr,04928_hr,0.37221032
04076_hr,04076_hr,0.03533019
21613_hr,21613_hr,0.053232722
01312_hr,01312_hr,0.03175239
10802_hr,10802_hr,0.04812656
03583_hr,03583_hr,0.04127309
15813_hr,15813_hr,0.04352681
17772_hr,17772_hr,0.059955288
03044_hr,03044_hr,0.04360546
00692_hr,00692_hr,0.0464496
19253_hr,19253_hr,0.060314067
20148_hr,20148_hr,0.032918278
04439_hr,04439_hr,0.13431685
15433_hr,15433_hr,0.032867767
20548_hr,20548_hr,0.04361086
07267_hr,07267_hr,0.86208403
16156_hr,16156_hr,0.10788869
00056_hr,00056_hr,0.14080158
00900_hr,00900_hr,0.030669227
15068_hr,15068_hr,0.03239503
21371_hr,21371_hr,0.2166196
13621_hr,13621_hr,0.24988368
10417_hr,10417_hr,0.8946031
14068_hr,14068_hr,0.033898156
11144_hr,11144_hr,0.032222804
03475_hr,03475_hr,0.038694963
12703_hr,12703_hr,0.22698401
19841_hr,19841_hr,0.3931877
21243_hr,21243_hr,0.11942001
20625_hr,20625_hr,0.0408046
10850_hr,10850_hr,0.034021247
15851_hr,15851_hr,0.04383621
13484_hr,13484_hr,0.047033604
07537_hr,07537_hr,0.8262294
00400_hr,00400_hr,0.049325574
08799_hr,08799_hr,0.05327835
03107_hr,03107_hr,0.06288413
02274_hr,02274_hr,0.049092144
09224_hr,09224_hr,0.060753085
20394_hr,20394_hr,0.24021792
07983_hr,07983_hr,0.03355747
11370_hr,11370_hr,0.07979651
07523_hr,07523_hr,0.8508215
20831_hr,20831_hr,0.034448206
15255_hr,15255_hr,0.058316927
16113_hr,16113_hr,0.066824734
03781_hr,03781_hr,0.0384482
01267_hr,01267_hr,0.049149286
15135_hr,15135_hr,0.034105796
05105_hr,05105_hr,0.03592257
13636_hr,13636_hr,0.04041741
08718_hr,08718_hr,0.088546306
05147_hr,05147_hr,0.8988603
09792_hr,09792_hr,0.032396868
18030_hr,18030_hr,0.03537569
02881_hr,02881_hr,0.042029697
16094_hr,16094_hr,0.051486604
20917_hr,20917_hr,0.050717134
03253_hr,03253_hr,0.06935766
07018_hr,07018_hr,0.36171708
02028_hr,02028_hr,0.06162447
07115_hr,07115_hr,0.034505367
05762_hr,05762_hr,0.03184995
09430_hr,09430_hr,0.043621194
02250_hr,02250_hr,0.033400476
05198_hr,05198_hr,0.86766195
07133_hr,07133_hr,0.031113638
14434_hr,14434_hr,0.04967743
19998_hr,19998_hr,0.03471171
13351_hr,13351_hr,0.049882412
09621_hr,09621_hr,0.056462064
00534_hr,00534_hr,0.1588097
06291_hr,06291_hr,0.03540613
06632_hr,06632_hr,0.116955295
05183_hr,05183_hr,0.22047488
02559_hr,02559_hr,0.033158544
00632_hr,00632_hr,0.051163126
14352_hr,14352_hr,0.045265626
17999_hr,17999_hr,0.03468635
02197_hr,02197_hr,0.032381177
12380_hr,12380_hr,0.043776594
16574_hr,16574_hr,0.83555067
10714_hr,10714_hr,0.046435043
02101_hr,02101_hr,0.13771404
02029_hr,02029_hr,0.0397589
13401_hr,13401_hr,0.15702987
02457_hr,02457_hr,0.0359218
03516_hr,03516_hr,0.88052875
04443_hr,04443_hr,0.0592548
15458_hr,15458_hr,0.03332984
09031_hr,09031_hr,0.031951234
06119_hr,06119_hr,0.06504961
16185_hr,16185_hr,0.034975663
11861_hr,11861_hr,0.034553666
03355_hr,03355_hr,0.09590296
13397_hr,13397_hr,0.03177845
20251_hr,20251_hr,0.04366484
06357_hr,06357_hr,0.034136
08135_hr,08135_hr,0.035505895
07020_hr,07020_hr,0.27463496
09443_hr,09443_hr,0.6178814
02669_hr,02669_hr,0.03973936
04725_hr,04725_hr,0.49965054
18934_hr,18934_hr,0.06771005
10776_hr,10776_hr,0.029922737
16235_hr,16235_hr,0.033128876
19494_hr,19494_hr,0.034789536
11295_hr,11295_hr,0.336274
13489_hr,13489_hr,0.033629697
14834_hr,14834_hr,0.033245612
06192_hr,06192_hr,0.03790525
21491_hr,21491_hr,0.89711016
15563_hr,15563_hr,0.048430838
19746_hr,19746_hr,0.046321247
11162_hr,11162_hr,0.03266307
07980_hr,07980_hr,0.044314835
00354_hr,00354_hr,0.042393442
08240_hr,08240_hr,0.13318133
14868_hr,14868_hr,0.66092134
12342_hr,12342_hr,0.18182819
04295_hr,04295_hr,0.04003181
09692_hr,09692_hr,0.039175514
17224_hr,17224_hr,0.22470245
17719_hr,17719_hr,0.16055678
01317_hr,01317_hr,0.25487575
07395_hr,07395_hr,0.032103587
20260_hr,20260_hr,0.046879496
20835_hr,20835_hr,0.058608204
18258_hr,18258_hr,0.044779636
07079_hr,07079_hr,0.039402805
17389_hr,17389_hr,0.040032934
03111_hr,03111_hr,0.327025
11315_hr,11315_hr,0.03242467
00271_hr,00271_hr,0.8531551
09451_hr,09451_hr,0.042019166
03970_hr,03970_hr,0.041765608
19567_hr,19567_hr,0.87374836
06219_hr,06219_hr,0.029407835
07639_hr,07639_hr,0.20842656
02480_hr,02480_hr,0.03656989
13808_hr,13808_hr,0.031278532
19843_hr,19843_hr,0.7417967
14160_hr,14160_hr,0.054197345
01145_hr,01145_hr,0.8581534
18717_hr,18717_hr,0.048954405
00656_hr,00656_hr,0.0594378
07581_hr,07581_hr,0.057674002
06046_hr,06046_hr,0.2333753
16157_hr,16157_hr,0.032183465
11044_hr,11044_hr,0.03355269
21533_hr,21533_hr,0.14975287
02167_hr,02167_hr,0.27536908
11976_hr,11976_hr,0.041455656
17261_hr,17261_hr,0.07366778
03690_hr,03690_hr,0.04744538
02517_hr,02517_hr,0.042010896
19270_hr,19270_hr,0.89064485
03284_hr,03284_hr,0.049824115
01375_hr,01375_hr,0.04141083
06410_hr,06410_hr,0.035429113
10645_hr,10645_hr,0.037888106
18884_hr,18884_hr,0.065704696
03339_hr,03339_hr,0.77997553
14110_hr,14110_hr,0.045380034
03920_hr,03920_hr,0.14519794
18147_hr,18147_hr,0.031352747
19429_hr,19429_hr,0.19638406
15955_hr,15955_hr,0.030841392
08919_hr,08919_hr,0.03748489
06102_hr,06102_hr,0.039601248
13143_hr,13143_hr,0.03962052
17065_hr,17065_hr,0.037938513
17923_hr,17923_hr,0.04023899
15435_hr,15435_hr,0.032003578
04568_hr,04568_hr,0.09730057
01791_hr,01791_hr,0.034912094
13052_hr,13052_hr,0.2187194
20122_hr,20122_hr,0.04591213
01750_hr,01750_hr,0.038761515
10833_hr,10833_hr,0.15459841
03277_hr,03277_hr,0.03815186
21565_hr,21565_hr,0.033170898
15346_hr,15346_hr,0.028089236
05006_hr,05006_hr,0.038669188
11506_hr,11506_hr,0.047296736
11197_hr,11197_hr,0.051403858
01770_hr,01770_hr,0.031679276
13725_hr,13725_hr,0.049320407
09591_hr,09591_hr,0.8735189
00766_hr,00766_hr,0.3441191
05633_hr,05633_hr,0.07305206
14727_hr,14727_hr,0.046932083
09666_hr,09666_hr,0.060433187
02575_hr,02575_hr,0.04343902
21238_hr,21238_hr,0.03123203
13912_hr,13912_hr,0.3829585
09132_hr,09132_hr,0.041530352
15544_hr,15544_hr,0.03205946
12030_hr,12030_hr,0.225444
10055_hr,10055_hr,0.08073902
04853_hr,04853_hr,0.20593452
02948_hr,02948_hr,0.03246447
03309_hr,03309_hr,0.052187964
02302_hr,02302_hr,0.8510883
05522_hr,05522_hr,0.8829744
20332_hr,20332_hr,0.21772613
19114_hr,19114_hr,0.039401073
00299_hr,00299_hr,0.056046866
07758_hr,07758_hr,0.036933202
17774_hr,17774_hr,0.06692885
02733_hr,02733_hr,0.031982668
03594_hr,03594_hr,0.042149648
09767_hr,09767_hr,0.03740965
14393_hr,14393_hr,0.1225577
12892_hr,12892_hr,0.03869499
05203_hr,05203_hr,0.036673836
15546_hr,15546_hr,0.03516918
21557_hr,21557_hr,0.035190772
06888_hr,06888_hr,0.03713514
03655_hr,03655_hr,0.0327233
20421_hr,20421_hr,0.8801323
04191_hr,04191_hr,0.040783867
10250_hr,10250_hr,0.13524024
04465_hr,04465_hr,0.03263478
08456_hr,08456_hr,0.04233133
19672_hr,19672_hr,0.10242157
10162_hr,10162_hr,0.03231148
03643_hr,03643_hr,0.034060493
08828_hr,08828_hr,0.354028
14083_hr,14083_hr,0.42618284
11731_hr,11731_hr,0.21589558
10272_hr,10272_hr,0.04474689
04236_hr,04236_hr,0.67064124
12958_hr,12958_hr,0.88422674
14070_hr,14070_hr,0.12428672
07961_hr,07961_hr,0.03795301
04437_hr,04437_hr,0.03328639
16734_hr,16734_hr,0.045576356
01994_hr,01994_hr,0.4670925
09866_hr,09866_hr,0.041286077
18219_hr,18219_hr,0.06100534
08442_hr,08442_hr,0.033378232
12744_hr,12744_hr,0.036517497
10153_hr,10153_hr,0.0361527
07800_hr,07800_hr,0.04674222
18740_hr,18740_hr,0.054898866
00011_hr,00011_hr,0.81984437
02067_hr,02067_hr,0.5351597
21068_hr,21068_hr,0.04363163
08795_hr,08795_hr,0.032994334
00860_hr,00860_hr,0.14697129
02005_hr,02005_hr,0.041201197
01556_hr,01556_hr,0.033277124
13518_hr,13518_hr,0.043037597
19268_hr,19268_hr,0.033667676
05430_hr,05430_hr,0.06680235
04798_hr,04798_hr,0.040699758
11828_hr,11828_hr,0.8933609
14410_hr,14410_hr,0.031990353
05049_hr,05049_hr,0.038798593
09753_hr,09753_hr,0.10235519
14757_hr,14757_hr,0.84884
15442_hr,15442_hr,0.0402964
09567_hr,09567_hr,0.038407415
09749_hr,09749_hr,0.041078605
01005_hr,01005_hr,0.21985292
10145_hr,10145_hr,0.053997
10739_hr,10739_hr,0.123811856
08595_hr,08595_hr,0.5615262
03335_hr,03335_hr,0.04160805
00248_hr,00248_hr,0.13987352
19449_hr,19449_hr,0.033117503
02955_hr,02955_hr,0.035986084
01986_hr,01986_hr,0.04786593
14063_hr,14063_hr,0.82499236
03665_hr,03665_hr,0.03659745
08364_hr,08364_hr,0.03254804
19414_hr,19414_hr,0.03189664
01060_hr,01060_hr,0.059403382
05185_hr,05185_hr,0.10539897
10346_hr,10346_hr,0.84971905
13682_hr,13682_hr,0.032363903
13552_hr,13552_hr,0.046196785
03606_hr,03606_hr,0.086699456
16929_hr,16929_hr,0.036430735
14750_hr,14750_hr,0.039380845
08480_hr,08480_hr,0.038784217
03738_hr,03738_hr,0.03066054
14229_hr,14229_hr,0.03439466
03788_hr,03788_hr,0.034742203
04712_hr,04712_hr,0.31371358
05180_hr,05180_hr,0.84738225
04308_hr,04308_hr,0.8078905
14306_hr,14306_hr,0.03456908
03786_hr,03786_hr,0.03449711
13136_hr,13136_hr,0.032863818
14102_hr,14102_hr,0.037186407
13270_hr,13270_hr,0.88253444
07752_hr,07752_hr,0.037712283
07146_hr,07146_hr,0.04138071
19616_hr,19616_hr,0.03615926
18570_hr,18570_hr,0.031988766
01975_hr,01975_hr,0.05628018
13050_hr,13050_hr,0.03609763
03914_hr,03914_hr,0.049636316
03066_hr,03066_hr,0.032656837
20430_hr,20430_hr,0.42280933
01271_hr,01271_hr,0.044687442
17295_hr,17295_hr,0.045213934
17363_hr,17363_hr,0.038301688
15808_hr,15808_hr,0.05487656
20794_hr,20794_hr,0.03926957
08403_hr,08403_hr,0.030716855
09976_hr,09976_hr,0.15063433
20101_hr,20101_hr,0.05913055
18183_hr,18183_hr,0.036920365
14929_hr,14929_hr,0.04430284
19364_hr,19364_hr,0.041778527
08357_hr,08357_hr,0.04361588
05274_hr,05274_hr,0.050763227
07969_hr,07969_hr,0.034783177
00191_hr,00191_hr,0.85512364
10575_hr,10575_hr,0.032991946
00031_hr,00031_hr,0.057401855
08867_hr,08867_hr,0.05378241
11602_hr,11602_hr,0.033450335
21835_hr,21835_hr,0.03351194
08698_hr,08698_hr,0.8718402
17838_hr,17838_hr,0.036799453
08317_hr,08317_hr,0.08635751
19525_hr,19525_hr,0.04320919
19678_hr,19678_hr,0.035779346
06788_hr,06788_hr,0.03808931
15770_hr,15770_hr,0.0562621
17256_hr,17256_hr,0.03272237
15479_hr,15479_hr,0.03679931
10178_hr,10178_hr,0.044217207
11472_hr,11472_hr,0.07422177
02644_hr,02644_hr,0.894086
10594_hr,10594_hr,0.10526587
09404_hr,09404_hr,0.7419937
15412_hr,15412_hr,0.12726578
16191_hr,16191_hr,0.10413333
00723_hr,00723_hr,0.03790152
19197_hr,19197_hr,0.03240192
16562_hr,16562_hr,0.15914865
11963_hr,11963_hr,0.21090691
09315_hr,09315_hr,0.057074413
05186_hr,05186_hr,0.05349842
18003_hr,18003_hr,0.053339563
15160_hr,15160_hr,0.87130046
01000_hr,01000_hr,0.034508564
02872_hr,02872_hr,0.03711661
04781_hr,04781_hr,0.8899787
20707_hr,20707_hr,0.04611613
17115_hr,17115_hr,0.032168858
02133_hr,02133_hr,0.03864383
09553_hr,09553_hr,0.3619534
18412_hr,18412_hr,0.032209102
14699_hr,14699_hr,0.049286287
08728_hr,08728_hr,0.8397596
08625_hr,08625_hr,0.042993553
03708_hr,03708_hr,0.057931148
06107_hr,06107_hr,0.032648757
06379_hr,06379_hr,0.09464879
21278_hr,21278_hr,0.053250864
17552_hr,17552_hr,0.031590886
11856_hr,11856_hr,0.34893617
18498_hr,18498_hr,0.03388779
01908_hr,01908_hr,0.8543091
12827_hr,12827_hr,0.3173196
20653_hr,20653_hr,0.050883483
05477_hr,05477_hr,0.031814374
13255_hr,13255_hr,0.16536662
15847_hr,15847_hr,0.038580887
10884_hr,10884_hr,0.03207596
18327_hr,18327_hr,0.37442797
08953_hr,08953_hr,0.039797883
15195_hr,15195_hr,0.12516668
04211_hr,04211_hr,0.04539888
06362_hr,06362_hr,0.036495082
16425_hr,16425_hr,0.058552556
14461_hr,14461_hr,0.051819757
02353_hr,02353_hr,0.36281154
08040_hr,08040_hr,0.04131272
02967_hr,02967_hr,0.03687119
01418_hr,01418_hr,0.029929956
19200_hr,19200_hr,0.040319342
16681_hr,16681_hr,0.050075196
11881_hr,11881_hr,0.034070864
21420_hr,21420_hr,0.039327927
10958_hr,10958_hr,0.98354685
21558_hr,21558_hr,0.15292875
05980_hr,05980_hr,0.1052009
04906_hr,04906_hr,0.2673412
19581_hr,19581_hr,0.037012175
17037_hr,17037_hr,0.84008515
11612_hr,11612_hr,0.8294485
01201_hr,01201_hr,0.032850504
09751_hr,09751_hr,0.034250446
18930_hr,18930_hr,0.35427883
09737_hr,09737_hr,0.87036884
16791_hr,16791_hr,0.9091302
07501_hr,07501_hr,0.24971417
02923_hr,02923_hr,0.10169549
21317_hr,21317_hr,0.03709167
03733_hr,03733_hr,0.030375447
06440_hr,06440_hr,0.70562786
19969_hr,19969_hr,0.045820314
14968_hr,14968_hr,0.04024458
10181_hr,10181_hr,0.03644618
06295_hr,06295_hr,0.067676134
02244_hr,02244_hr,0.03125831
04471_hr,04471_hr,0.058679525
10560_hr,10560_hr,0.093878575
15369_hr,15369_hr,0.03378854
21102_hr,21102_hr,0.05258132
00426_hr,00426_hr,0.40346164
11943_hr,11943_hr,0.0340543
09930_hr,09930_hr,0.035661757
18522_hr,18522_hr,0.056006577
16295_hr,16295_hr,0.045686804
20147_hr,20147_hr,0.032827184
19212_hr,19212_hr,0.03532523
15188_hr,15188_hr,0.074998
06140_hr,06140_hr,0.34740528
00298_hr,00298_hr,0.031891353
20196_hr,20196_hr,0.032873087
11293_hr,11293_hr,0.067471154
17368_hr,17368_hr,0.033906844
10290_hr,10290_hr,0.2115992
07083_hr,07083_hr,0.04140384
14203_hr,14203_hr,0.030942727
18511_hr,18511_hr,0.27747086
00951_hr,00951_hr,0.28258932
02468_hr,02468_hr,0.03135196
12603_hr,12603_hr,0.03480278
09298_hr,09298_hr,0.28008428
13829_hr,13829_hr,0.33108753
00004_hr,00004_hr,0.37786332
04874_hr,04874_hr,0.3493684
21107_hr,21107_hr,0.046637636
20511_hr,20511_hr,0.03453881
02253_hr,02253_hr,0.8706751
06038_hr,06038_hr,0.03729727
04956_hr,04956_hr,0.034398034
02124_hr,02124_hr,0.05601641
16940_hr,16940_hr,0.8482868
00010_hr,00010_hr,0.85680574
03809_hr,03809_hr,0.037367173
21156_hr,21156_hr,0.03242459
20418_hr,20418_hr,0.037293363
09101_hr,09101_hr,0.035531778
14453_hr,14453_hr,0.037455875
04156_hr,04156_hr,0.0653337
05338_hr,05338_hr,0.037266407
14498_hr,14498_hr,0.07076205
05427_hr,05427_hr,0.030917693
01745_hr,01745_hr,0.03194938
12306_hr,12306_hr,0.043804776
12581_hr,12581_hr,0.14198723
11886_hr,11886_hr,0.055813957
01136_hr,01136_hr,0.033246305
10514_hr,10514_hr,0.28992438
00734_hr,00734_hr,0.86824733
20348_hr,20348_hr,0.051424146
13430_hr,13430_hr,0.043181166
12547_hr,12547_hr,0.032201417
15016_hr,15016_hr,0.05297145
07103_hr,07103_hr,0.05612441
08421_hr,08421_hr,0.029922197
20087_hr,20087_hr,0.033178784
05121_hr,05121_hr,0.73970556
13366_hr,13366_hr,0.7089616
14139_hr,14139_hr,0.037453976
17734_hr,17734_hr,0.036104944
15294_hr,15294_hr,0.89734566
07951_hr,07951_hr,0.0424592
03815_hr,03815_hr,0.044418182
19710_hr,19710_hr,0.0312844
08688_hr,08688_hr,0.870051
11483_hr,11483_hr,0.03684756
02610_hr,02610_hr,0.13558586
18341_hr,18341_hr,0.034286425
18548_hr,18548_hr,0.03833257
10460_hr,10460_hr,0.06306336
07894_hr,07894_hr,0.624468
12418_hr,12418_hr,0.12247558
19936_hr,19936_hr,0.05669979
06194_hr,06194_hr,0.0383767
11682_hr,11682_hr,0.030353416
07844_hr,07844_hr,0.24140577
16343_hr,16343_hr,0.08432023
17669_hr,17669_hr,0.032267705
06035_hr,06035_hr,0.03159691
17800_hr,17800_hr,0.038443703
12191_hr,12191_hr,0.03093195
02416_hr,02416_hr,0.119586416
06856_hr,06856_hr,0.7600169
01094_hr,01094_hr,0.34799415
10124_hr,10124_hr,0.032744292
06546_hr,06546_hr,0.053646598
08916_hr,08916_hr,0.02886598
07635_hr,07635_hr,0.8880242
06311_hr,06311_hr,0.29418343
10878_hr,10878_hr,0.03313362
10264_hr,10264_hr,0.053540953
11291_hr,11291_hr,0.8855414
10681_hr,10681_hr,0.037910957
16665_hr,16665_hr,0.670327
19907_hr,19907_hr,0.037794445
16823_hr,16823_hr,0.03305257
06520_hr,06520_hr,0.035288308
20777_hr,20777_hr,0.9001834
09183_hr,09183_hr,0.07710799
12005_hr,12005_hr,0.24932404
11090_hr,11090_hr,0.04888206
19110_hr,19110_hr,0.035666633
00621_hr,00621_hr,0.033473894
10516_hr,10516_hr,0.050804276
07910_hr,07910_hr,0.06779962
21063_hr,21063_hr,0.04234346
11761_hr,11761_hr,0.033420872
15713_hr,15713_hr,0.08138682
20990_hr,20990_hr,0.9224791
12955_hr,12955_hr,0.03997737
10963_hr,10963_hr,0.35538593
06627_hr,06627_hr,0.15938076
06983_hr,06983_hr,0.048599776
17840_hr,17840_hr,0.036484823
11324_hr,11324_hr,0.04506259
10810_hr,10810_hr,0.040527675
19070_hr,19070_hr,0.13636261
01171_hr,01171_hr,0.043875113
03108_hr,03108_hr,0.039061453
13669_hr,13669_hr,0.26459318
07467_hr,07467_hr,0.04021873
12522_hr,12522_hr,0.29924366
01124_hr,01124_hr,0.032691035
09473_hr,09473_hr,0.046401147
13438_hr,13438_hr,0.039986167
12656_hr,12656_hr,0.03528605
13094_hr,13094_hr,0.036051415
03077_hr,03077_hr,0.07194929
02032_hr,02032_hr,0.04091047
13238_hr,13238_hr,0.038701933
20740_hr,20740_hr,0.05461162
16954_hr,16954_hr,0.8506063
05003_hr,05003_hr,0.045504875
03515_hr,03515_hr,0.03864934
04831_hr,04831_hr,0.13492775
06986_hr,06986_hr,0.037895285
14957_hr,14957_hr,0.0313607
19896_hr,19896_hr,0.032829385
13088_hr,13088_hr,0.032678567
09576_hr,09576_hr,0.04540488
03642_hr,03642_hr,0.81292135
00002_hr,00002_hr,0.8927732
09008_hr,09008_hr,0.07290783
01546_hr,01546_hr,0.03679641
18713_hr,18713_hr,0.046745382
19100_hr,19100_hr,0.04786371
13857_hr,13857_hr,0.88571364
05028_hr,05028_hr,0.035876993
00457_hr,00457_hr,0.035466872
20828_hr,20828_hr,0.095034935
04929_hr,04929_hr,0.04327364
06838_hr,06838_hr,0.041964058
11433_hr,11433_hr,0.06283403
03575_hr,03575_hr,0.06138462
01677_hr,01677_hr,0.05340217
17428_hr,17428_hr,0.08151465
15457_hr,15457_hr,0.77333874
03455_hr,03455_hr,0.9072844
11664_hr,11664_hr,0.044205688
03706_hr,03706_hr,0.8361159
14540_hr,14540_hr,0.034749065
21830_hr,21830_hr,0.08580974
12901_hr,12901_hr,0.03176916
13935_hr,13935_hr,0.098556384
10653_hr,10653_hr,0.04082998
14428_hr,14428_hr,0.040248994
10412_hr,10412_hr,0.030538129
16772_hr,16772_hr,0.038567804
14976_hr,14976_hr,0.2240932
01794_hr,01794_hr,0.6035886
16618_hr,16618_hr,0.15596692
16331_hr,16331_hr,0.028069025
04970_hr,04970_hr,0.06268373
05130_hr,05130_hr,0.036877017
06221_hr,06221_hr,0.037954036
06370_hr,06370_hr,0.8738834
04927_hr,04927_hr,0.63714087
18120_hr,18120_hr,0.036147825
10449_hr,10449_hr,0.030579144
17718_hr,17718_hr,0.032986663
02932_hr,02932_hr,0.032190215
06048_hr,06048_hr,0.0326135
12355_hr,12355_hr,0.07418713
03736_hr,03736_hr,0.8948601
09575_hr,09575_hr,0.30985492
01320_hr,01320_hr,0.041619793
17786_hr,17786_hr,0.044092137
00227_hr,00227_hr,0.48483458
12680_hr,12680_hr,0.035609044
07824_hr,07824_hr,0.035503507
03156_hr,03156_hr,0.0606135
06074_hr,06074_hr,0.3786293
05143_hr,05143_hr,0.032133814
09668_hr,09668_hr,0.031212037
06700_hr,06700_hr,0.03293299
07740_hr,07740_hr,0.042529564
12804_hr,12804_hr,0.086275324
11843_hr,11843_hr,0.6529151
14721_hr,14721_hr,0.35177982
07503_hr,07503_hr,0.03240022
20667_hr,20667_hr,0.06889496
05164_hr,05164_hr,0.038486082
08950_hr,08950_hr,0.035604153
11354_hr,11354_hr,0.041023124
07446_hr,07446_hr,0.028779907
13414_hr,13414_hr,0.033740893
08928_hr,08928_hr,0.072122276
10719_hr,10719_hr,0.05139668
13199_hr,13199_hr,0.048012584
05495_hr,05495_hr,0.8081295
13240_hr,13240_hr,0.028440723
03721_hr,03721_hr,0.09156308
11443_hr,11443_hr,0.051781446
16590_hr,16590_hr,0.3205671
08296_hr,08296_hr,0.8787722
20187_hr,20187_hr,0.048498522
16577_hr,16577_hr,0.032792635
09495_hr,09495_hr,0.033776846
00219_hr,00219_hr,0.047599286
05406_hr,05406_hr,0.033615496
00132_hr,00132_hr,0.03209676
12495_hr,12495_hr,0.08705636
16977_hr,16977_hr,0.037955534
12118_hr,12118_hr,0.045230135
09757_hr,09757_hr,0.03243779
18774_hr,18774_hr,0.039462037
08870_hr,08870_hr,0.05455114
20417_hr,20417_hr,0.33511075
05681_hr,05681_hr,0.028943311
13915_hr,13915_hr,0.03505916
21815_hr,21815_hr,0.04202655
10524_hr,10524_hr,0.03756538
17357_hr,17357_hr,0.04254198
08472_hr,08472_hr,0.043021467
20325_hr,20325_hr,0.10704393
18452_hr,18452_hr,0.31250924
01218_hr,01218_hr,0.05160434
10919_hr,10919_hr,0.040579643
19839_hr,19839_hr,0.040586703
18121_hr,18121_hr,0.24804088
06254_hr,06254_hr,0.03165958
15496_hr,15496_hr,0.15584753
00228_hr,00228_hr,0.03305779
19093_hr,19093_hr,0.8472359
07414_hr,07414_hr,0.037405297
12638_hr,12638_hr,0.043080173
16910_hr,16910_hr,0.041736025
04818_hr,04818_hr,0.052549336
15241_hr,15241_hr,0.031585824
18901_hr,18901_hr,0.8324132
08162_hr,08162_hr,0.03914289
10706_hr,10706_hr,0.8669394
10414_hr,10414_hr,0.1268014
04586_hr,04586_hr,0.9808719
19935_hr,19935_hr,0.9001481
20710_hr,20710_hr,0.03833609
13648_hr,13648_hr,0.031370975
00481_hr,00481_hr,0.036269866
19049_hr,19049_hr,0.03750965
18880_hr,18880_hr,0.20040943
07022_hr,07022_hr,0.051742636
12515_hr,12515_hr,0.047934648
03053_hr,03053_hr,0.076863706
05234_hr,05234_hr,0.1213923
16360_hr,16360_hr,0.30491662
20986_hr,20986_hr,0.033495907
03502_hr,03502_hr,0.034070957
17429_hr,17429_hr,0.07410997
04282_hr,04282_hr,0.069007516
09278_hr,09278_hr,0.03919233
18411_hr,18411_hr,0.035863075
13601_hr,13601_hr,0.05855138
05892_hr,05892_hr,0.04022309
14654_hr,14654_hr,0.8269303
08404_hr,08404_hr,0.76042235
08920_hr,08920_hr,0.086761326
02860_hr,02860_hr,0.05233489
01251_hr,01251_hr,0.06912581
16651_hr,16651_hr,0.3172815
20099_hr,20099_hr,0.03308189
00297_hr,00297_hr,0.6553189
07065_hr,07065_hr,0.18443154
00226_hr,00226_hr,0.033337086
04162_hr,04162_hr,0.031540584
10882_hr,10882_hr,0.051012807
11241_hr,11241_hr,0.074262396
00092_hr,00092_hr,0.03148329
15535_hr,15535_hr,0.7383675
16441_hr,16441_hr,0.03341598
09881_hr,09881_hr,0.03270409
05906_hr,05906_hr,0.03835632
02470_hr,02470_hr,0.07203015
13429_hr,13429_hr,0.8705915
19976_hr,19976_hr,0.45277217
02732_hr,02732_hr,0.047515802
20523_hr,20523_hr,0.057524152
18958_hr,18958_hr,0.08094832
07497_hr,07497_hr,0.039974794
15898_hr,15898_hr,0.03566916
02905_hr,02905_hr,0.034688745
16886_hr,16886_hr,0.06711381
09559_hr,09559_hr,0.111409575
01836_hr,01836_hr,0.055474788
13540_hr,13540_hr,0.030117435
01660_hr,01660_hr,0.03140231
02649_hr,02649_hr,0.28263322
10415_hr,10415_hr,0.03312903
21299_hr,21299_hr,0.035179578
12199_hr,12199_hr,0.040871326
03904_hr,03904_hr,0.040079594
09425_hr,09425_hr,0.06699051
13890_hr,13890_hr,0.032536965
19556_hr,19556_hr,0.14591113
09985_hr,09985_hr,0.04974088
11596_hr,11596_hr,0.036536384
13582_hr,13582_hr,0.04182704
04827_hr,04827_hr,0.87659717
03958_hr,03958_hr,0.23169719
11178_hr,11178_hr,0.8396146
18265_hr,18265_hr,0.0786231
13446_hr,13446_hr,0.64906067
18386_hr,18386_hr,0.4253123
19651_hr,19651_hr,0.03694138
11501_hr,11501_hr,0.042253762
13487_hr,13487_hr,0.031449944
06384_hr,06384_hr,0.030999787
09042_hr,09042_hr,0.035399575
08323_hr,08323_hr,0.34638575
08926_hr,08926_hr,0.8758539
18017_hr,18017_hr,0.035381384
16099_hr,16099_hr,0.30345502
10294_hr,10294_hr,0.088220395
13148_hr,13148_hr,0.7635126
11341_hr,11341_hr,0.05155849
02266_hr,02266_hr,0.03706089
20208_hr,20208_hr,0.876742
18261_hr,18261_hr,0.05241072
00266_hr,00266_hr,0.4444744
16041_hr,16041_hr,0.113965146
20438_hr,20438_hr,0.03702737
16771_hr,16771_hr,0.77595603
16019_hr,16019_hr,0.36201438
02769_hr,02769_hr,0.037543967
17016_hr,17016_hr,0.04526159
05149_hr,05149_hr,0.03656626
19077_hr,19077_hr,0.37966713
02643_hr,02643_hr,0.05934573
17814_hr,17814_hr,0.061624985
01987_hr,01987_hr,0.2426948
19196_hr,19196_hr,0.03605262
08486_hr,08486_hr,0.04029541
08157_hr,08157_hr,0.14806634
06020_hr,06020_hr,0.038167268
07822_hr,07822_hr,0.038147952
05668_hr,05668_hr,0.068219595
21670_hr,21670_hr,0.037353482
21349_hr,21349_hr,0.05276835
09247_hr,09247_hr,0.035162516
20140_hr,20140_hr,0.8866932
10652_hr,10652_hr,0.89768904
09750_hr,09750_hr,0.042826075
00954_hr,00954_hr,0.056465242
11494_hr,11494_hr,0.03322959
13722_hr,13722_hr,0.032622345
12936_hr,12936_hr,0.04122046
07078_hr,07078_hr,0.03237401
14698_hr,14698_hr,0.04164543
21089_hr,21089_hr,0.03512039
21296_hr,21296_hr,0.07496821
01505_hr,01505_hr,0.04106435
02899_hr,02899_hr,0.034742124
08111_hr,08111_hr,0.035789885
12347_hr,12347_hr,0.05026425
02263_hr,02263_hr,0.29124287
03058_hr,03058_hr,0.7263416
04417_hr,04417_hr,0.11769196
04697_hr,04697_hr,0.033997145
01807_hr,01807_hr,0.07553591
15251_hr,15251_hr,0.035791982
03829_hr,03829_hr,0.14332843
255726,255726,0.85968715
360941,360941,0.9788905
355174,355174,0.98684806
335208,335208,0.9043944
150686,150686,0.983094
845506,845506,0.9858139
214339,214339,0.12325339
464399,464399,0.98574835
265740,265740,0.9834872
728374,728374,0.9877337
392493,392493,0.9671696
543580,543580,0.9379271
207177,207177,0.98231953
519819,519819,0.97620344
206951,206951,0.9696399
352773,352773,0.934906
24028,24028,0.95960194
230458,230458,0.9548902
212279,212279,0.98757404
378909,378909,0.9659416
340294,340294,0.93794703
830630,830630,0.86681384
613903,613903,0.05507767
531150,531150,0.9492522
346634,346634,0.98753744
357220,357220,0.976689
516128,516128,0.931668
776005,776005,0.98492855
289475,289475,0.9637556
289464,289464,0.9754975
354480,354480,0.98834455
84931,84931,0.92562175
811400,811400,0.9022945
805211,805211,0.9867959
452079,452079,0.9722722
366790,366790,0.9145424
86943,86943,0.93936
447257,447257,0.9855312
372438,372438,0.9889894
623969,623969,0.98354614
623713,623713,0.96886045
350695,350695,0.9805093
360935,360935,0.9884461
406936,406936,0.98883945
539177,539177,0.9869954
579977,579977,0.9880888
375915,375915,0.98800755
477448,477448,0.9875217
571036,571036,0.98778325
830676,830676,0.9571144
543798,543798,0.984938
572654,572654,0.9020706
184107,184107,0.98796064
560267,560267,0.9398408
163569,163569,0.9662565
253036,253036,0.97993064
514759,514759,0.9825518
613861,613861,0.308324
466020,466020,0.9833604
452042,452042,0.95384794
465998,465998,0.98467904
499880,499880,0.98316586
379005,379005,0.9060122
346878,346878,0.9127874
461681,461681,0.98633856
215976,215976,0.9726901
274022,274022,0.9869178
112408,112408,0.94112885
551876,551876,0.9509121
522735,522735,0.9879028
283296,283296,0.98266155
495489,495489,0.9164343
73579,73579,0.9845753
466031,466031,0.071430184
830719,830719,0.9593636
267552,267552,0.9024815
626207,626207,0.98769
623698,623698,0.9837246
576836,576836,0.8935243
527680,527680,0.98811054
389444,389444,0.9661668
84519,84519,0.9113164
340428,340428,0.905439
166371,166371,0.9704204
475749,475749,0.9799887
353380,353380,0.98703176
486959,486959,0.06103769
40054,40054,0.933052
382575,382575,0.97109073
148942,148942,0.973301
357225,357225,0.9888594
253803,253803,0.9865943
271604,271604,0.9834168
587044,587044,0.9716581
518865,518865,0.96275485
93243,93243,0.8959886
69321,69321,0.9829028
74675,74675,0.97961754
357245,357245,0.9881236
205960,205960,0.9760559
247721,247721,0.97760653
65606,65606,0.9044289
257852,257852,0.96172667
551135,551135,0.97977483
349781,349781,0.9865089
254024,254024,0.9872384
529257,529257,0.8184681
294669,294669,0.97270805
181736,181736,0.98222256
522414,522414,0.94824624
526368,526368,0.9774784
254025,254025,0.9878405
587043,587043,0.9121326
192549,192549,0.9884194
527792,527792,0.9882933
129191,129191,0.97375023
350453,350453,0.9768208
582908,582908,0.98371834
706978,706978,0.98415285
360926,360926,0.987665
91000,91000,0.91287637
477439,477439,0.89873624
181585,181585,0.9836858
40144,40144,0.8922776
348221,348221,0.9884714
551792,551792,0.94262105
458540,458540,0.98626244
250492,250492,0.97373116
184801,184801,0.9860925
155625,155625,0.9156904
132616,132616,0.9878891
258851,258851,0.9508644
348923,348923,0.9548894
248628,248628,0.93987995
204680,204680,0.9214773
326971,326971,0.8660711
4991,4991,0.9871754
582939,582939,0.2826501
58375,58375,0.9230249
262353,262353,0.94812155
466016,466016,0.94681686
21863,21863,0.92196697
82799,82799,0.9855934
282704,282704,0.98303014
336019,336019,0.987751
483324,483324,0.8519527
256993,256993,0.9790051
599229,599229,0.89952254
492469,492469,0.9764056
367780,367780,0.9870465
426521,426521,0.9400136
582955,582955,0.9705687
419223,419223,0.9874233
579979,579979,0.9601721
466033,466033,0.91251636
278635,278635,0.97419906
171356,171356,0.9642731
254022,254022,0.98453045
576920,576920,0.97316414
267517,267517,0.90993255
258332,258332,0.9040524
70738,70738,0.93628436
358678,358678,0.94554675
